-- phpMyAdmin SQL Dump
-- version 5.2.0
-- https://www.phpmyadmin.net/
--
-- Servidor: 127.0.0.1
-- Tiempo de generación: 29-11-2022 a las 18:19:21
-- Versión del servidor: 10.4.25-MariaDB
-- Versión de PHP: 8.1.10

SET SQL_MODE = "NO_AUTO_VALUE_ON_ZERO";
START TRANSACTION;
SET time_zone = "+00:00";


/*!40101 SET @OLD_CHARACTER_SET_CLIENT=@@CHARACTER_SET_CLIENT */;
/*!40101 SET @OLD_CHARACTER_SET_RESULTS=@@CHARACTER_SET_RESULTS */;
/*!40101 SET @OLD_COLLATION_CONNECTION=@@COLLATION_CONNECTION */;
/*!40101 SET NAMES utf8mb4 */;

--
-- Base de datos: `volapp`
--

-- --------------------------------------------------------

--
-- Estructura de tabla para la tabla `alquiler`
--

CREATE TABLE `alquiler` (
  `id` bigint(20) NOT NULL,
  `idMaquinaria` bigint(20) NOT NULL,
  `idRuta` bigint(20) DEFAULT NULL,
  `standby` float NOT NULL,
  `horaTarifa` float NOT NULL,
  `datecreated` timestamp NOT NULL DEFAULT current_timestamp() ON UPDATE current_timestamp(),
  `dateupdate` timestamp NULL DEFAULT NULL,
  `datedelete` timestamp NULL DEFAULT NULL,
  `idUsuario` bigint(20) NOT NULL,
  `nit` bigint(20) DEFAULT NULL,
  `status` int(11) NOT NULL DEFAULT 1
) ENGINE=InnoDB DEFAULT CHARSET=utf8mb4 COLLATE=utf8mb4_spanish_ci;

-- --------------------------------------------------------

--
-- Estructura de tabla para la tabla `contratos`
--

CREATE TABLE `contratos` (
  `id` bigint(20) NOT NULL,
  `fechaInicio` varchar(10) COLLATE utf8mb4_spanish_ci NOT NULL,
  `fechaFin` varchar(10) COLLATE utf8mb4_spanish_ci NOT NULL,
  `titulo` varchar(50) COLLATE utf8mb4_spanish_ci DEFAULT NULL,
  `representante` varchar(70) COLLATE utf8mb4_spanish_ci DEFAULT NULL,
  `telefono` bigint(20) DEFAULT NULL,
  `email` varchar(100) COLLATE utf8mb4_spanish_ci DEFAULT NULL,
  `content_type` text COLLATE utf8mb4_spanish_ci NOT NULL,
  `base_64` longtext COLLATE utf8mb4_spanish_ci NOT NULL,
  `idUsuario` bigint(20) NOT NULL,
  `nit` bigint(20) NOT NULL,
  `status` int(11) DEFAULT 1
) ENGINE=InnoDB DEFAULT CHARSET=utf8mb4 COLLATE=utf8mb4_spanish_ci;

-- --------------------------------------------------------

--
-- Estructura de tabla para la tabla `descontables`
--

CREATE TABLE `descontables` (
  `id` int(11) NOT NULL,
  `idRegistro` bigint(20) NOT NULL,
  `gasolina` float DEFAULT NULL,
  `peaje` float DEFAULT NULL,
  `repuestos` float DEFAULT NULL,
  `otros` float DEFAULT NULL,
  `nota` text COLLATE utf8mb4_spanish_ci DEFAULT NULL,
  `dateCreated` timestamp NULL DEFAULT NULL,
  `dateUpdate` timestamp NULL DEFAULT NULL,
  `dateDelete` timestamp NULL DEFAULT NULL,
  `idUsuario` bigint(20) NOT NULL,
  `status` int(11) DEFAULT 1
) ENGINE=InnoDB DEFAULT CHARSET=utf8mb4 COLLATE=utf8mb4_spanish_ci;

-- --------------------------------------------------------

--
-- Estructura de tabla para la tabla `empresas`
--

CREATE TABLE `empresas` (
  `nit` bigint(20) NOT NULL,
  `digito` int(11) NOT NULL,
  `nombre` varchar(55) CHARACTER SET utf8 COLLATE utf8_spanish_ci NOT NULL,
  `representante` varchar(70) CHARACTER SET utf8 COLLATE utf8_spanish_ci NOT NULL,
  `telefono` bigint(10) NOT NULL,
  `direccion` varchar(100) CHARACTER SET utf8 COLLATE utf8_spanish_ci NOT NULL,
  `correo` varchar(100) CHARACTER SET utf8 COLLATE utf8_spanish_ci NOT NULL,
  `pais` varchar(45) CHARACTER SET utf8 COLLATE utf8_spanish_ci NOT NULL DEFAULT 'COLOMBIA',
  `ciudad` varchar(110) CHARACTER SET utf8 COLLATE utf8_spanish_ci NOT NULL DEFAULT 'BARRANCABERMEJA',
  `contacto` bigint(10) NOT NULL,
  `email_tec` varchar(100) CHARACTER SET utf8 COLLATE utf8_spanish_ci NOT NULL,
  `email_logis` varchar(100) CHARACTER SET utf8 COLLATE utf8_spanish_ci NOT NULL,
  `content_type` text CHARACTER SET utf8 COLLATE utf8_spanish_ci NOT NULL,
  `base_64` longtext CHARACTER SET utf8 COLLATE utf8_spanish_ci NOT NULL,
  `status` int(11) NOT NULL DEFAULT 1
) ENGINE=InnoDB DEFAULT CHARSET=utf8mb4 COLLATE=utf8mb4_spanish_ci;

--
-- Volcado de datos para la tabla `empresas`
--

INSERT INTO `empresas` (`nit`, `digito`, `nombre`, `representante`, `telefono`, `direccion`, `correo`, `pais`, `ciudad`, `contacto`, `email_tec`, `email_logis`, `content_type`, `base_64`, `status`) VALUES
(12345678, 1, 'VOLAPP SAS', 'MARTIN DANILO ALMEIDA CAVANZO', 3107698290, 'CARRERA 45 #53-43', 'MARTINALMEIDA@VOLAPP.COM', 'COLOMBIA', 'BARRANCABERMEJA', 3107698290, 'MARTINALMEIDA@VOLAPP.COM', 'MARTINALMEIDA@VOLAPP.COM', 'image/png', 'iVBORw0KGgoAAAANSUhEUgAAAG4AAABuCAYAAADGWyb7AAAAAXNSR0IArs4c6QAAAARnQU1BAACxjwv8YQUAAAAJcEhZcwAADsMAAA7DAcdvqGQAAAAhdEVYdENyZWF0aW9uIFRpbWUAMjAyMToxMToxOSAxMjoxMTo0OXUsVS8AAFflSURBVHhezb0HvB1VuTb+7Da7n17SG4TQSyjSayD0asGCil71erFw/a4Fr17LVWxXbPfzooIoXgVFVEB6Cy30FkggkIT0cnL67nX+z/POnpPN4STxB1/++iZzZvbsmTVrvfV511qzdsAl4R+M6nBRrVZRq1QRRADRcBQIBvQFN/6J6sCn4NheTanze5eXBgIBBNym6wLbjgMB756A7rGjoBVd5f21qotExC/zH5f+IQXnV4j890gnxFluqm0Ao3YagRB5HgZCZLRJS3uXh3U2zLuEUuKfxgd/Vy3YoZpeazwlEgwhEHa8awIRO/ePTP+QgiuVCohEopQDLYHCKteq5H8IkbDH5BCqtjcra1iLGlHTngcmK33mCbdGC9TJur5weS/tLFRFOEyBN64zu3P5jCpLqvOmaIv3xT8w/UMKzjOvIGp0dWUy3A2J3RQgtwpdKE0D2VwVWwcGsWlLPzZvGUBf/yCGRkaRLxQxODiIEO+JRhwkE3G0JFNIp9NIJeNwHAeHHbIfwtEwEskYkvEwYjTcOMumvZEhfHbDlf4j0z+m4KoVCi1AgQVQpwsrsIor16zB4icew3NLXsQtdz9HK6yjVK5SkIyHdTI6SPcmhtMyA+GQWRoDJXVAm5pIS2OcVOyr5QcRTiXQO6kd8/bYDYcdsBeOOGB/7D93DqZ0tcJpWOI/Mu0iwVVQrlRQV6wIR8zdheimHDLNJSODjEsCETX6sqDcFwUkxsqViYYQweoNo1j89HO4+8HH8NiTL2LLhgEKIIp4LIlqqGACqDcYrPCmTeTZ6utpfBPdcBmBGi25WEXIDTFMhlGpVwAKMzl1Mv797KNw0IH748B95qHNCbI2rLNbQqBS4N11Pr+7UWd+4gOFm6pUNj3HoZX7LnhX0q4RnMtGiH3UfjGyUq0hzI9hgoY6Gxhkoyu0lqobhBNPWmyqsBYrXtuE1WvW4fvX/AZ9g0NYTxeYy5XImRjRQ5LxiUqg8BbxY5xHvtC2S+ObWC8hwrqFKbww/8mtZkpF1qMOJ92CWmajxb3Z06bg7NMW4J3nno69Z0/ilYybbFCM14lt1QqFKYWMytEG2U4KlY+K//+ASneRxdUpmDIbWSegCNPCCOqNudRyWmKxkkE82UE9jljcevLFdbj1nodx96LFeOnVVSiFyR0CEpM6YxJoZWFZLrlSL1PMAYl6m2IHGy1oGOxOBVkTlqRbDUgK/C9EWVX6QQ8g0FKNpahJtMBqEQ6l1dmawD577I5zzjgVZ515JKYKyLKcABXUCiALiyV6mFAMYSdisXJX0y4RXJ0WJlcYjqh51M4mplCKKDIejRZLeOLZpbjj/kdx38PPYPnqzQR0jE/RNGNbhYg8wvu93KxaLspsPcuRXxI3fVLt/RaMtWRck3yYOUa0CNbDcKhQpMXGoIc4eW0lx3o73ARUamWeY1vYjgjdRiLq4IqvfhKHHbQvZnWniUSZWtBanWSC5TG2smzlh7uadongysUKfT0bzvpXinkDEvFki8UkGdH9yzfigQcX46Zbb8eyJcvJoAhCrV2IOAlUeG1NoILVYuXIT7ozMkwxxQN7deTpYkW+OBTvfKsTVZsSb303ntwsXZw8QTRi1qdAxehr19apYJFwErGYg2qpjEI+y+/qiErplMQT6BSH+nDKGSfjg28/E8cduh9601GKjHE9P0rXnkN794zGk3Yd7RpXyfYpWJulMDmOMI7JqSxd04877nsQ3/nljciMMonO8ft4HKn2djIrilGeqw2NwGnvIgPpemi5AVmEeEYLqVE6+pfMNBJkWp+UQQy3RsgaSeObNP5zLRU1AYR5vcBSuUiwYwriucx6IctcjsKg1Sv+qfwyXb9bLdu5GqMchvpZ9zDOOvFIfOjCc3AMU4zOhDyM3PiuT+B3UYyj4MoVz9URBAwUarj3iefwy9/fhLtuvwfBzjnmNsX0Ki0SeW7ieZKaTmRXzA8jHHIQCYU9V0nh1agALl1kgFYSr7fAbQitrr2lDV76QC57gvSbNX4vivA4y2cSTISEJgp5ylzolgCDsTVKIVYY4xSnA6EIM40waiUBIl4TiyGq9IPuJJ/JmSvdc+5MnL3gaFxw2rE4YO5UUC12Oe0SwanRogi1c+PWQVz9+z/hp//7J2zemkGoZxovCFnMEwXpkuKMDw4ZEqTGSxhTpsQpNJ53oohEiSaj/C4RQ4DWKcE9ShCnSpvA6Ear3NckNF9wFr88suY1b6TOAuPuSB5dZH4vEatToICqJfMSOQrRGc4ZsCoUSsjk8igwhg2PZilfpQNAGxVtOE+0G04gkmpFZZipSmkYp514OP7l4vfhzCP2tOt2Jb0pwRWLRUTJaLG+TMuKEkmp46nOXKhKLY1Si91UC25eugaXfvu/sfqxl9ET7UK2XkS+zcEkdwTxni60zZqF1OTpqLV0YCAZR19HEiMtDupTOih1+kcCAbksagCZRGEYiADSLq8hY6u0kho/S2ietXn1S74+WzBqbmaVliYE6se/AN2mdU5zs3LzdIk6pqt3Gbfo15EeyGDGxiIm95cwWNqKwXWbsOW11SjwO+Y51KIarbeKRCCMf/7ku3Hpey7EFFa9lOlHtCWJEv398EgJPS0p6ZY9RyTE7ZPq6NdpZ/SmBKcbcvkcwV3IupBExXKJfI5SfEH0E2DceNNduOZPt+Kpp5exdq1ojaQx4tTgHDIX8fnHUTjtqM/uRbkzjQqtiL6TsJ/xUGCOjBcO0F4JnsucTxmA0gExuQbGFzXc+hZ5jvlYiIdBHutzuZEuGHJsWKCXknhutKJYqI3xyxRCndT+XhvTDylJhKwRe6Qccs0hFh/kM1vXrkeVsTi0pg+R51fCfWo5Cus2ohCuUAmjmIQ8Fp54DD5zyYewR28HhTeCdCptZQ5ms+hIpaxcX1DaS5CqY7Mgd0RvSnBiS4loK07ITAWjm68i6CSZkwWxsX8U37z5Dtz5p9uwfslLAF1JR9dUupwSKpNbMPU9p2HDGWfRksQkPpoBP5UpIDGUQbF/ANnhIaTYuGqRKUS2gDrvC+ZZPmNMoERLIeMcggk1VO7WNJfC8hmhzwISvuY2C8zfHIcuVwyilrjc6lEvdoZo4SFauixZvShoaUGgvZW+tR1udzuK7WmUY2owy06HKHcX8acptGtvR23RM2wLXWkqCGegH+VqFkcuPBaXf+7fcNRuTN5LNbpcAq+WOBFofKy+ItVZx6qrwNDfQm9KcOr4dYS/a3lqUwbRNiXTUTy7agN+evVv8avHCPH76PddQuu4Q3GGUCJCxL67Ya93n4WXTz+KpVAAjCeT+nPYs7+CeUMVtPaNoDIwhA3Dm1CqlBlvSsiVCrTmKgqMm2XGIIGHflq731iKjZvXhBr3Oifh+oIbLzRRQT0mTLoTBB6xYNi2RNhBMhJFLOKgo6XAUJBAKtWGlngLoq3tyPa2YvXkBNa3BfBy+x4otZiDQInW5/7qFuCeJxAhL+hoCTbjyJYpxKEtOODwQ/D9L34Gxx84m/nhMJwoaxlos3o016tZDH49d0Rv2uJsaIWISu6G4sGy9QP48S+vw9W/uxFufA4SYmagRKchxEg3E6Ib7e5CdE9+d/wpcGd2IT+7DaWk5xujdIkxuT4KqESBU0LkcAVBbUWmBbQ6lyBCbjNcHrG8LUQBRNwAUV4AEV4ekRTZnKG615fpu57mTef7GaNlaW4sgjq3Kq2omqC75nGAFue6BBxJfk4xDDBNSQUiVMsgCqxXnu1Wx0J161Y4G7ci+twrKN/3OIKr1sIhwMnXCqjE2pmoJ1AjsCn1rcdu+++G7339szj9kH0RzAwjkm4zQfmsV7180rldJjjpeZUMDltOE8SydX34xhVX4sa7HkQ9kiAj2xmoy0R7tBK6FMXBYK6GojoklUOlpgC7T0Zg75nAzF6mB60It6VRI0CpRkMMP3RdBv8dj8F+WuTXtLldPFa4kneTMHWNRgzGiEwQH3xeaE95Nz54O1MCCl1xVVS2vlBaZbmGOIFKXAl7roASPUSWHqC6Zg2wciOCr2xAbF0/anSNbpB5J5tWrRFtxrsBhow4w0c4GiC22YRZe87Ef3z8o7ho4ZHW5ymS19AmQf2tLtKnNyW4aq3IBzkW055fuR5XXnsDrvkD3UW+huRuc5EfoVaVGYNcbtJa5j2hXBVOJM7gnUCMuVueAKLKHE+IMUwEGmIcKXWmgFZe30lXQqQajicQpKt1hSxjTIgZg2QR9VYm6KyHnw64BiwkBTaFu2iQ1+sTmzbmUht7kUN368p103plwaEKmcd9jQi5XqkisnYLvXwVJVqm5ZiMuRjmNsC8jftosIQ643ItX2S5FDItVcm4WQqBWYDn6iwPxRLijJOqV2HdGsydfyC+/IXP4+3zeyxVkrBUJ22+N/hb6c1ZXJ0VJ3NW9w3j8p9chV/+4WZWvhUtPVMwqtiWKsOpk+EUXsUqFEWyziSWTypUmUoIJss7WEOJ3uhxIxWeoIUJKBQDRVpc2PI6JfCKYQHGoRBjkBpcSDUaqP5FNl6dxNbwRkuKzrYm+YwZayb3UYIa5Zp1CkouWUjVxu/0WRtdZ7BE100wJIEXI3weFSPIz5ECheKWEBKC5vMrKpd1C9Jd0+gYNEI8txmBNMGaTJiuPlyn16lHUJHSpWNYd91/egO7RJc+qX5vWXBVde2QIXVaitoTZp4iptfYQB2L+tmAK666Dj+6+vdsa5iurp35jxJU5jNh5njqb+T1LIj30FJYqTEUGKE70WOtz5EbGS/BeHEobP2Vghx2jfnBxmbRlUUGGT+IHK3jmeWrx0M0ZlUh77rtkurGZ4aofIEwYxzrHaHFVIrqCaEFOm2o0SUqltGerRssxrw1PzRoQKzEfNSIj/I2Ml17kmpJP+N94JF/3oiClJKEYiE8/OerMX9SEsNb1qOzd4bdkRnMoL0tboqwM/JaPJ7ELH5V0XgTH24pD89Q/8l8wm0eX//HW/Gnm+5AWT0IQTaeriFIlxUhI2tEm2EihSiZoXFFaWiVgdvVvA5W3oFGmdsQDbVyS/NznOCCrqbINJ6xMFrNE6yUESMTY0xsY2xshEIP0oKhNEEMZrIfDPM8t3CwzhjFz4wvobpqt2MKsVKyGLlyxWpx37q2iCQjybSdV/uVqJc10iFdoLWoX1XCeB2JVU2WIjlJST3rUZefnR4j5YMVJvbf/cH/4PFlr6GdQlPHdq1UQjvTjVpJ9dk5TSg4JdEGscUwWRgbUidTNKzhULtvf/Rl/O7mO7FyzSYkuqcgmGDOQ3+u/hNrpayO11XoUisjQ6gXmKwnCLuTMYke5VqIW4ApAl0m44uYo7kkNQqW3zJ40wWaixXi1MYY4ipu8TmBJC2alslqqSMlxANH7tIJIuqEbdMA7o42TcELyQvQ2kJK/LnJo8gZVKjtsq5YS9qLsUSHelCFF8gjuDYMpIe/XiISyDaBeeQLb4zkYbRRyW/8w19w1Q13YpjPlHcLlBlDiVhp7961O6GmUreRGCa3E6WrkBjVESwXJHNeu2kTvvzt/8aTS1bS5aXMLZr7o6DEbOVuhIMoEYnVyfD05OmId3TZ5wKF29rZxe8zfHIeAYfCjhO0xMuIxDTUMkIejSJPV52ntReomUXmbkUJlg2qk9G8mG2n7YvZrKe+yxBE5ApErYyj9bAY3WDs9jYKoUxr0jha0CBWhZpOxvG5QpjFka20ijw9B+OTut0YW6Vc4oEXWViGTEmaw7u9eZr83Ng0JqerRBKea99vI0OQ4RRuXbwEP7/+bjDbsfG8wsgg+cDn/Q00cYzjFqD5hgxfU0EKBYQSaazvH8bPrrkW37r6LrqNJL/xKhQiQ1XdepmuSnVPdVmcdFmG+vBANymm8ELEiBIPmjcVra1pTJnci2lTetHT3YmWVIzAg7bGoDBUcCmIIvr6B7B+81as39CHdRv77HM2SzcZTdtzFRcDzA9pCmYtZp0STFXau32Kt3SgnMugtnUDEq20KrZY/a9VuWKWlUioByWOzAAVrKWNbpVZKRXIpddx+H3JD1zaiX38r2aLxLKalLdBCjXbWOzFPGaPCKXaKagsZk5K4+pvXIqTDtkDucwIEi2dY2XtiCYUnHpGgmS45ogIZMhdCHb89tYH8e9fvxxD6EIymcTIMBvGGJFsa7MBx3omi2RnJ7OCiI1zQeNabgWzpvbimKMOxYnHHo0999gdB/ZqngeVzlPQbQFcjWYMrVomzaLZwCJdab5QwgjzqEyWCS1jwZU3PohXVryGl19dhSLzLKQ6KMt2lF0mz4LhjLE7JE18HdpCdFvDO04/EfvtMcsGfgNBx7o/c5khbKSSXveXOzE6Qk+QIjOpEEGGDGUeRetEJTXqva3+3oG50yZ6vfAoOLa5HnAYq8nV3DDe967T8O3LPoFJLawXrTzEeLszmlBwAnUayIxIcHxsjQ19ZOlafO1HP8MDDz1By6E7Euc9yGkjBSULqi5S6TYClhy1N4+9Zk/Du849FacvOBqzeglEqI4xSiushstE7EHc5PflZv2tRoEbImJDTP14jlRnVYVMS+pS4uOWM8be/cDjuPnuB/DCy6vlb5DumcyEl1a5I1KCnh/A/H1m4Ftf/ASO2GeW1SVCdy+WiyGvbBjAZ/7ju3jgiZcs1QGFKvBKx4iKYL5PVHJfcP6+7jYA0hhnaWn867M6xLJqzA0DlKDLkNDalsa/fex9+NcPnsG0SWDPy0N3RB5HxpF4p0rqQEE8x3rccte9eODORXAmz4SjDljKLZ6KI87ks0TLilBjE8xLsoMDFFAOH73oAvziJ5fjkxefgf2mt6LTKSAVGkG4sJ6upowyIXuFgKJKn16m+yxFmZ+xIXk9N8ykNZCma2KuVInSTdG5yIprBBRunGliHzpq/Thsdgc+/+Fz8edf/wBX/uCbOOrQ/ZB5jYzeCQWZSEYSccyc0o2950wl5CEkKA0jUi0gyeM4t9mT2tHbnmS71KvhdZfVGdfUV9pMXgxrfBij8Wz1Yp6utY3uPRLnpmeRZyMb+/HH2+/H0lc38NImpdgBTSi40XJBaQ6BYsGg/z1Pr6CbXGwuqUqXWBZIYFUKo4PcBwg+JhGNRZHftA5zZ3bg7p9+DVdc+h4cPiONhBJcJbuE+yyA8ambaVwcToUpQNVBmOedKhFhleUQbSaYO7oELvUQrSZEVxIsUl9ZHyW9QU04ohdwunhNG+JM7FHLYTbyeP9xe2M0xtp2TmNawEfRpSbTfJ5GIDQbixacoGfQd3XG21puKz5x0bnoDrN+TLoTccY9wXL+c3NDaKGwvvJvlyJSYXynh6jXGLMNgcbGrGzM0hrC08B4XScZy42B/iZwIkBFMCXgUnUHUAlXucUZYioEbB1Y/dISXP6jn6CfajOqkXXQ8ipD9A4MRyRNbhO5Vc+bTCi4BFFUlY2IxlPYOJTH3fffj8GhIYSSKfKAGpcjIiQwiKbaWEIYBYIG5EZw7ElH4xtf+jfsf+ABjBlBVipvE7JkjXITZcarEtOAqkPYGyGLJIQQN+0bx1Va4ijBSYFJvUYc3BAZxQbWqBglurgCcwgF/xLBgkgILagxQTasQmGBSNFAHM8XCKrE0UjC66FQb4nmdAZ575GHHYqZM6azng7TUM81xRjLmfhYjud9juCoIw5FeajfrM4E1bCa7dKOvhONfa9OcDKHwiyzjgWyddW6zbj94aeRSCfJ4qJ1eBAlsd41G6e0uxSiSBMKTvlYgYluiftHnl+KP99xJ6qFPDWWUFzB3xpGBCiN0YRVpgv7zpuNT7z3Apx5xDwbvFbB2ldKtJ5K0VyFMZiMKgUiGCiH8NKGQTz43HLcvOhxXH/b/biWYOBXN96Oxc+8iieWvIYldB2rNg+jL1tFhgXYnBPBZfXWsy4KjxXLG7knXCemp8rT6tT7EaF7VXLNi+TmBKI0h0QAwy2N4JzTF6CrLcGY6cWjshSSRKfItITPILUm4zj/rNN4L7Wclif0OWZm4+gNwmz+PP67RhE2JkhBVCQ8Kuny9f343z/dYROraqBCic+819ItkjoEfJFN3FdJZuQrhOW86LOX/wjXXXMdgszwIwHmSZqf0ZJiilBioppAcctmTJ89HV/85Adw8TlHoE5XqiQ2TQYT1jATKDAXUhQJY0umipdXrMHV/3urvZixYcMGbN682WZ3yRr8qkSCFWurkum2thRmzpqOffbaA/PmzcXkyZOx8LjDaCkRG8qh/JHibdQzvO3Sz2HJomUMvu2Mwy2GjkWaiudSaAIfcpMzW0O4+borsXsrmZIfRTzewufT/dHqA0GlwHJpYQsTK/tyOP+ij2H5ys2I9EwnUxVnPWsfT69nJZnceL5H/Ox/dAvkTRhhepMKfaAE6GoKfIXG0dGCG7//ZRx/6B4UJfkgH1Clwmo+DvPPkDpEiUhDXyU1imsiXk70d++TL+NHV/+W1ldHe+8kZPu2IkZ3WabLUh0F3VWhD73jDFxy0WkEH9SK3CBTvJRNbdCDnFjaLPfJF1bgJz+/Ft//8c/wDI9XvLaGQutDPkeXIFRJLZfLkrZHY6xyPYAi4f8on7mW1z695AU8sPgx3HnPvfj99b/DWqK+WKQFyR7mgHTLw8Ml/Pa+Rdi8tp9lUVDUZHVjsUB1/CCeiLHRdNe5UbzvjONw3kkH2VRyR/heSIsxMEgfq/wzqBhFLvMMY5+Drf2DeOThR20crUZX7+fTPtiYmHR/s9VxGxMchWWFNHpiuNccTyXqlWKJPBzFwoVH0/MRDDG/jERYU14WUv5kiFZ9qBMRvx/Iurj9vsUYWLURTls3L2TjGEOCDPAybyFOd3QE++xOyH/WiWQew9zoAOJt7QzmtDQG/FCMuR7V9oa/PozPf+V7+NlVv6EQNjD2bUK1QgYHGXiJNgMRxcwMXcIQtWvAhoVqrGm0pQWpqdOQnDwF0WQ7SixreDDP/G09fnjFT7Hg5DOx4Izz8a3v/hQvvLjcLAX0CJpOp+EWr9NZHFPvBhErk271Ob77vIXUdyqeXCC5OTI8atmHWOiQSbI5WQ9LQYznz1xwHC292zoYNOgrahaYf7x9Ib6eAnT11julsmQB3AdZV+ssp/Due/QpvLRygPVhvRsxzTMSXtqw4gkFxybjmRdfxEOLlbMlkYimkBkapk+itfE7m0quXhGCidOOPwIHzes15FWgYDUarjn37e3tNjXjtgeewRW/uA6PLGJZRJDT5u7JXC4Eh5yiLRBxEq0xEXUZQwUs6DsQiqvHn+kC4XmOSX0uo8SbbqOu894LINGuKXTZPXhl6Sr8+5cvx8cvuRRPPfgo2rsnSafYMJattpIxAjAlBnuQ8UcffSQOmktFYDv8FySjGmciPffsC/zrsURCqDI2Expg/z3n4MjDD7Z4/Xr3t3OaSMAaKNamWWUBwn91ktelRFXNBaujP1vGn2+93Wpnb/+Iq/QMNrrSMNsJBVdggF+y7CWsWLUWkbYuc8+l4WHmoYwbTMzLNF8wZkxivDnp2CPp9RW/h9HV3Y2i3F4jmC57dTOu/s0NeO6hJ4HuqYj3TMP6ZctRHK3zerrjIn0387RgLU7BM2di7qYRA/l7bepG09swSnq1SUut45k+vlyje4kkKMDJcBIttEY+M19AJpOhtVMRKDAxSujXcbxhJieZxDnnnmUoTRMu6urYLuQQY06Vz7u44YYbsPyV5VZ3UY3JsRqfdEKYv/8+bLOGc8jsHViWPXMH34vq/veUgVy1OvLrfJbL8oM0AJdh4qa/3o5hKqyokM2Ze5YHCSm9IDFL4hcswEMyhOPM3IeDMfzXldfS1ytFdDFMDYh0T0dRViHNkLskMpjRG8HBB87ivVVEmBq48spkSj0WRo6s/sG11+PR55+ziY7xMl3kMIFDipUIUyjcXOYyruPa9TUm8hXGtlKcaDHSZluNMawe5RZP21YjGKpG40SWRLdKI6IVJv/MNTt7sJYtC/FaOkS2JIVwhUCkI4qYevVl+oxdk+ak8dF9p9owkbpOlegHE20okSHLV72CX1zzv1i0+EU4mRKBWYjpUDvxAplFN/WRC87GlL2mAVuHmBJ5A68BMZxIts5cMZZmnaQczHE1UmB5Gy1dcWvbKIe32dQPbsL4JcVy1Y8AztW7E0GhyRBeXbEZNz70CjK0wXiSHqE2TKEW6fHk5K143s/7lKeq1zxEE35+6XoaFIumZhhSotbbED19kAKuBgNlCb3dPUSAMltfgxgXVFHeoj7GjWvWoUBXp1FmraBgWSTPqzF1+TNLaClsgQGNhymnEqBgnAloCh33Qe79TZ+1WTqi3IsWR/RjW4DHLr+rM0WJKP6yscECU3f6y6gYRyU578ijxB9z9Zovo/in3i/FlrvvX4QRgiG9jMJEVm8HUImpipqWQDa3tMZwxlHH8GLGbjZQKNWsS2N0FLzljHyuP0N7e7QzaxQZ/E+m8fRTz8go6U1oVgaYzEiNghIYUbD1KEgzpR2333kfikx0bTqApEDtUIVCQeEcFkDgEGKj586e4wmdZ+WvpYURJrgBCn/T2vVY9eoKIEPbo6BcccjVwz2mmxDUC6FjCYbWpM5sWRMIz12iUX/vb/qsLai+w7g2notyH6VFMg5Dm5NCgoKoMk46mg7BYw3PtE/twgcXnCKQaW5HZO8ksFqZYg1//MvNrD+R9EOPYnl/HxLyvHoDlQwqMdbqnvedsoBATWOB/JImKwV21J+qiEOF1JwYlWnUENDfIijR665juerEv/eBB0EsRn3n82QcdPt++cKjkgsrQiuioEo8f9+iR9nYAIXMVprZ83vlGaQAY5hmDOvU7FkzKDQr0hohNGBM4eFg/wC2bFjPciuIC+qzYkEJikKSsFzuXQoqGEtRWBJYki44aUhU78jtaHMpsECUbjEmQUqgEqCER7fK8jQHRVauqXVSq5HSAE4/6jAcOFOulD5SGk1SPivlfPr5F/HU88sQJNjZOpDBnxY9aMBGrpBO1faiw+bOwoEH7U50yXCh8SvyrqzeGoENWr3N6qaSTETbFWDTef8a1Umj8BtWrMQzS5azeLoJGozkYXzWNeYC9TBZDOW0YtMWvLJirTU62OiTtI5P9TiQFwH6ZGmErKuns8uEZpKnZW6rHBWADSrmqC7qxaDwpSiu3CH9OLE9N8Uqz69LaAFZGxtvAm1s9e1sbkTfe/cSmbCuLI/n1Y/oapP7KtRQZgIfV4+KU8T7TzrOaqYxNbl0pRtakkMivOWOuzRWw/Sj05Tgj7fey3yOVaTbLRIwRFhvWZ1C+zvOXIBqfoR8YCpO7+Rq3ictQUMxFlbI9J3S9oRIEg81IaooFEylu/f+h+idlN5IYNum8QW1mItpIJkrDHXf888Q7dGiFDNUMVmR3KXiktylchDWzUaHqQFqOMXI61gZbiq/oiluUSa80ko2UOatrimXrrYuq+N3YrgEEKAATSB0nTV+rstKLOZpkNTbpED+scVDuWzt1TUl5dIml2X7MEpyt3WWRWuhRDBvnxk4dq/JKBSzrD8rz3oqvkUYoPuGCrhn0cMAk+uqnk3X+8KS1/DUyo3iDxsqdvFZ3PM/LjjhOHT1dBCgFBtKS+IX6vmRsgb8TkXRDgTU/N14azSvJZmk0nhw8WPIFhmqZDCkUONaQjEesF4uG6H1ev66+EFzWQIJNoQhWB4k6BAKEXgReCCpH7DEvENzMTROZv1uFHBVZkmI29bViUQrXRgfVJMmqkFEjWZtBjC00WWS+S6RVJ3l1sn0mgSiyrE8U4Zxe9uoZJq+4DWee8YxJaqKrYoDWSpXkimCpsZVkhX88xkLbS2TqNoqoKKyWCcp3X0PPoiXGIuDFFxdo+lUrEomgOvuvd/CQZwKLCQY5/kcPc/stg6cd9YZ1tZSnvGbwjbUqKkQVGzrFx1HvmDGC8ir/xtJSqBJS1LM5StXY2NfP/kfpfVvc8NkAR+kjJ3PzrElTy59kXmNJnHKvUnNpGeNpJtkpqoH0nVKwwRazEU0SL45SIto7+xAinmfYGeALitMPxOxCa60BrMajThzz2NXjTV8y33DIkRv0ER+3sYEzzV7AMo7LwUziyJ6dRJpRJi0V9MBvPu4o5ErjtJNy0N49wu5CZg8/vjjcEez1CG9eC/XS09BTHn7o48gm2XbqQR1AjW9vVrUvIRSHWeffaa9qVTJ5cg66r54oq2hEH4d3ywJgducS3qpCnO4/oEBUzIJ1CdWR7OeaPZycesLKD6TpbsfRTVAa1MFqHH1aojSZiPYuEytTLxBhqc78Pgy5mVkhqCxRpBLWaIvWk6IAKaNJb//7IUstIQq88JoJ/O9DKG5RnerjJ/M0cIOAUWNDabbEiPCgqh6WaKuCTyNuWZkhKcYDeGSkerNcYN0tSy3TitzxVx+b5NnVeWsa8MklcAoLrvwDPTSi0aDLRgJ8LmBAts7aDlk33CR8YxuMjWV8LuTMmG8SoaQoFdYuXw9Hly7gVZk4wXIDfZBs0HqVMST57Zhwfw9WCctkMN76CuDdJ1gPBWvtqkxmybvwDqZMHlsm07YpvZ4LbUONh1L8Rg6ssMb+H0BzvR5+OF1d1oYizB31WCXiFfxXjJN2rdleJAxxrOsHRIZGSaCWrl6jRUToWt1i2V62KS8LvJ0IS0tCXzgfRfi8GOPQHXLOibvGbTOmI4CAYujZJUKoC4kh4gtyuCrKeG1guZxklHUXJtrKA0bp8FvcEUTaHcsniQwGkbbjMnYb9ZMa6UuU93EJE0ECofiuO3Ou2wZqVB7h/XS6yL1ZQYdKkKhiLsWP4wChV6pFxFto5KRveUKU2B6qOOOOZLKSoV1q1TkEuVQRzxBgGWd1v9vSOFHr4wNDw+bMvjARETjJxCha5NEX1q7GmW9ZLgTCrLiYuDzL76EtZuHpG82maehB7QcNpwN2mPONHziI+/FPofuh9rgFoyMDCGUbqEnK7O9bCwFUyVs1+oGlSLBTsBBS7LNm9dIlxrlZomyEC8bIMvzX6QcT83CDemayhBOPGhPHL3nPDKVVsE2R6kHeYpP2l0iJ/58062oZQoMu2lTXEvseaFySlnEbffch80UaJ5WIE8iXvmKcurCk9Db207sk6WSlYypQoPyXG+d5P7VL8tKMxxpFCWbZ45MbFBtTJ2gakuP5FaAF199lbnVxIxpJs2IKpPhfZu24r5HnrDusrauHhvxrkgjqbGZ0WE64QouPPd0/PBbX8FCwmh9rg1sZqbBOELEFCTDhCqD0RZ65DZUXAcjQ0XkqWHFgvfyohQkQkFonohI0+gsTGnzXU/DHflbrsA8q8PBKYfsjenJOMpKlnk+rBF4OKxFBEtfXonnXnyZ0oxbP6fKd5iSaPp7ie4fVKDXXl6NZx57Dq30KKE6Ib9yWCq2Uondp3Xg1ONodaNbed5bw0Wr/ul16rdMbLNCmBYwkEZt3brVluFQoxv5Ny3O4ocH45e9skLm4n2zUyIniHR+/5fb8PTLG/XuBkvjw7gvlEtoa9XLe3U2qopj33YQfnD5l/HVz12Cgw/bB9XMMGoar2OOpHcAhF617lc02QqnowuJtjabOaZgXM5mba8efG2yPqOG5hsoaWw+VQojOHSf2Thy3gxWQS9Eyg3yC7ZaDFEJt9xxH/pHiApbu6EVFRwm7q4h2jAtjO5bqHSkjL/eeCuZxxsyZVuhQfdqarCc1rvOOZXX0xNohJ98LFFxrVflrZLiHMkQPHmazeaRUdehf45Ei2MM4YG2NavX8czOY1yNgtGoshaVefrxZ3DjrXdZ2xwKMszGJ4jMpJWlUhHZ3CgdUw1zulP41LtPxlXf+iJ+8s3P46JzTsDuvXHE6xmEy0M0pX6Cm80oZ7Zav5/QqiFZbWRKlRmxmCPr82m80MaElw7hzCMPxJweph48FazzHulnuI4YyxgsuLjltrvJcArIYDcTcbZbAz2C4AJaYeWbdJl3PfMMVg/m+R0LovYr3qmHvlzI4+hD9sT8A/Yi2ClZLJL3UsbxVskAI59lRqVQQXc9OiLBNRCsjuw55HqY1wxs6ecH74sdkWYbm1YoYXXDuPn2u/Gzq25A/+AgH+oB7jK1OMDYqddxhZn6NqxFnJa13+Qk/unEvfA/n3svFv3mCtz882/gix8+B0fv3Y0piTzSgX6LZ9WG8GIM+AmCHrlNdS9JgPYAbs3u0XeXOj9tt14snL83kpR5RdYjIah/izKJc//w4qewdDm9SzzFmEE4xNRBVmkzoxUMxQMpyPRebOqM4JrnH0EuLU13EbXHM0oyp4uTBe971/nWP+vShWsNlP9XpHZq8FR5ohRiZGTEAJtPQaUmQnQSnBCf3vPaGSkI2/pcZeY3k6di5YvL8N9X/gxr1qw1eKw4FCew0GpBOQMt5MGkHkToVgK5fsSym5CsDmNqvIRj95yEf7v4TFx/5Vfw19/+BL/9v9/AxR/9KA445BCzoCLjXZ7+3Xrd+VnPHk9jltagabMmY68ZvTwiMqUQCJot59RQYYDK88DDD6NaLKGlrd3csKOOAYIjIUqXeWhEczokhJlTALrcP736NLK8V0tyOPQAmm4Ql9tmWWedttBQsTqd1eaajRe9NTJLo9CsY79hYXm64UK+JBkaBSrloivk1jdax8wjzkAx1EnJ6HUo7wblRiKbI6GWm2bzbpYQ0DGRYiweQXHLWrrIIL719S/jIxedpXFwz3Y1nKPYoo7aMT+ivcozTGuMZ1WNVC8h3DJPrOsvYPHzy3HH4iV4bNkabGbeRXQAZIlOOzotXYgnYygMD1h6EqbbKzJurfv++zFt3m6Wc8YJPoqMk+ptH6VSDdeKmPW2kwlUHCTcdjihNhRCVLC0g8CMTiRn9qJwyjGodQUwk3Xf1LcO7fky/rjg7TiSntctb6GAe1EJlygkxmkkcNm1f8KPP/s/wNzd0FqNYTTmjayoR8mQKIkO3WuvbzU+ytDXEpR/HUNXMKzJ98wHSzXGWoKnwU34+mf/GZ+5+HwkghVoqlHoP778pa8GKdUc8fEPr/4dk2VCYSZ6/krh5hK1M63mxr3mJrrUYE0K0oJnysla0ilkB7birrvuwKZNa22dyamTpyGhFYEY9zKZHNOAKvSCSM2mmfllqsJ0sFQEbWpYKduHtpiDLvq6veZMwVnHHYB3n3Mc9p5OpRplTphzMbyBri7BejCeBqsRmxybpwBn7TcT/37ecbZojc2PZP1idH9SRK3V9ce/3IL7b3kU1bx6McModHWjuv9uCJ50IMJnHorggv1RaiewigUw4mZQZ+qTXbsWDss5Zgbbo04CxsxyUIs2UsdDMQzkqrjntZUo92WJlIlMaefjvYAJTmRCatqPI0UhjUhY1xzZFFKOTZxw/FGH4IgD94ZDF62EoIEqPbKHjXvgRCSwKoFKq2TKNSaxuXwBqc5OalkIV//k5/ja5d/Fd37wEyx65GkbQU+0tlDQLVQM5joa1iE6qrEMIcpyhVx0mUbYi4p1tKTi/MzcyM0jVR9BS20EM8N5fOC4ebj+m5fg25++GAuO3xftbcR3hOPJVCddN9lIS/yXd5/CVCPO5zQq24hdYoLC43XX/wmFUbJWa1LOnQP36H3hnvo24ORDUJ0/FzlaHBuFtpLa6KKDlq05LvdsXIl1FB5qjH0sW9YU1mg1eXHs/gdgz7OP4HNoDSECN3Wo+3wVXNfmU9Phdkn3m0/0FJo+006rSCmAdVLYGZLc3t8qOF2nya05xh9ZT7C9g7E/QKulFjLBDnRNwqvLX8P3vnUFzn3He/GO93wQP/jva/Dsy2s0eoJBxhftBc4VfB1ahsrUvAv1RtTovmoBLZOYJIpz2Fa6QaULFHY84uDsE+fgx1+8BJe952zM6G7BaP8W5JhaHHHwPjh9r5nI0CXKystaZEAtFA+4PbHkFTz63DLUuymM+fsgccaxiJ91HJy37Ytoby/iBSLitRmbyGS8YEqWoWeJMLVZV6dV9a2lUCP2/npIGTzZJ8AwqSWMU445DOE9WG4pQ69BjyVhNVsVj4UnTOl3QiZ03U/DsHfT+dmW12/cqgnLQasgySSpY//bHZBmBCsQe6lDAAkix3AiKa/EHIp5TSiBcHuPTQ7KU/Xvf/gJfOUb38V5b38Pjj7uTFx73Y246fZ78fzyVRjUikPqzaDLCUSUSyVkJGYdbl1L1nvdU5rPUqlRGJUQ8uUC9uiI45JTF+A7n/pnTJvZzui9AacdMx8z6gQhVisCGWssFYLKVaah/PrW21DS0kwLj0bLiYchTuG5U3uZcEeQJ4O8RXB4Lcse6onD6elGmWAk1t1L11rH7x9dbDNalGI7hkFYF81MI50+fQ6mnrAvGS7lqxnDJSif7LjZ8nZAJoeG0M3i+Fk5rA8RbKEAX3Bye9ok5Z2RQ22W8NS1FGSMyY5mrOsq3tmDFFGmxsYEswtFJtdMWmt0n3mitg0bt2LpS6/gsx/7FN73novx9gsvxgc+eim+9p2f4s93PIyX1w8QUIRsxR69kuVqHqMkKFdRKcOh69KKTDbTuVRAvJjH2YdNx9c/eSGOOXZ3HLrXVKS1LD3jqN6zDrNtegeixHuU6Ny6dAnCB++P6EF7IECoX9IKD5pSL4tMMpfrpSufzuR/hM/tH0Hn+hywdCPqS9Yj8MAKvHD9Pdi8ZpSX03rUq0GwphhfZm4330njhMMPArqp0BSarEabBNbsOhXDdkaat2OC03/tlRszLTLvoc+adV2tlFwNiQ8Vg5h1xFkYDWs6Xo5C3j6qTBE+Z0aGeRxGkMd1aV2VG12T9e7TvdioOpNIxXLN16/R1QicS3s6e4jcmKflKHBNqVNMSXZ02PTyDu4vWHg4Djv0YLzt4ANNUMoNxV35fYPv6pZT/TMUTkvarOClVWsxu7cbnbZGWJToXovCqWuujGIkgWsffgyfvubXcPbZEyU+P9DdjcDUGagTnDiMvcrAgsyVqkNDiD69DkMb18DZ0I/ixgH6dia/W/oQLWzGl77yCaK784gl+Rw2pxiQhdMD1ZK4s38rTv2vbwL3Uk2I1C29MOMx7OwBDx5rwdQdocpouMaUivxjDNVCq+FKFr+44qt496mHwVHHdpXnmXe4QpXDEtyRZ2NEgqtldyi4AIUia9O7c0X16BPpRAn3i5khVo9xjszSKgKae6k3WxkI6SVq0GKgNqUtx0oxrilOagKSBlo1XV2CtkZES4T3YVv3+KJ3novTTz4BvW10cWycEgeHVlLUCDzddZGIK6U8im1Q91CJOVhUPGFVy4SOGvYfZYw84wtfwBLmZoVJvQj3TEGdLrI+awbQ2gE2HoElaxFc/CLqL66CW6CiDJL5pTy6Y20YouIlI1SaDctROLYLpZ//EjUKJpKvMXlXnfQaWRDlQVrGHy6H+7NlnuDogscLjtXy1j/ZgeDijmtT801wfHbMLeKaH/4nzjvxAE9wjPu8jkRN1rso7/z4l3Hbw0sQIqTV0L4eaI8096kaaKCQD5XN0nJ8N6vr7OGNLVgYNB9v8ztkeVUhrQqFyGNWuKaR5iZSgyyYN441WiG0KqGovD3nH4QTTjkJ3bSSPmo1wyGSTgo1xp1wIGbvpZVCZGA6jL7MAGqtQEd7O5KxOEapJKuHsnho+UoUk22MW7S2g2YjLt0ZYIryygYML13FpHGrrRmW4LOzmlqh2KKXO/T2j+rNNkgB1Z7z3nUcutNpBJkUx1lPZV16Eea10WEsWbUCmx7baMmzeOjEGLMZN9ULomXu9bIM4bK11SM9hzvxzjwLvw6QRxrtjrQikGiDu3Ep1jzyB8zoTaFU9zogAjVJjswsUVs/+dX/xi//fA9z3Jg9VPS3CE7ULLxAUQzndZqIpOGbqiyPcUnTGni+oWseUWC+3/f3WqLeiXnCK6uHRtqpKtBiVX5EFsu4SS8PvVMQYJJarNHltifRNaUHw/OiqGrpXsZYdRqnp81EPtWKWnePzVcMrhpEfZB17BuitfE6ZvtRti2o/kEKrBhnLitFagguoNnFRKpCvNYm3ad9rkDIJOVm1RIpVOjCXQG2RBiheHKMP4LvPj9FerFkG71RcOpO01CXTT1kfhoh8Fq76LeY1JlgVYkpWVSgWiV6IEOrdHs/+M1tuOzb/9f67poF5wmJD1d3mE7bndsEp71Zpz2cn+kq1YOu7iV1C8naAtZoT2R6v9zIu5wn5G6aiMDC5TX6BQ4NESnXc1lmlPGsq6sLg210W2S0rQVGlBjq6aLrMtSC7pkzkNu83la6c5OMhQI4Wr43S/b1l1AfLqE2KNfM79XVR4WNkOH2oggrwbOMi6qNFI9toPACsj4K0OrNc9FKhJaTpeFoZI/lUrE1D7VOMbZ0diETKRgK1OI3Va0DRrCkuaUanA0wPFjP0xhtT3DMY+NMi3JlTO0I4YVbf472RIAGRvTN64LWW8FGKpLtNoc+v5QbE0AzTXSumSQ8H5lqilyAMN5mcTlME+jW3Firt2k+S1RzO7QRgdk13mfttUXphrQwm8s4oQX3LM5SiCUCmQ0bNqKUHSaz62gjAgx2M052OmidzdjcHsXWkS0EK4ooDjpLMbRtDSH14iBCz65D6bkVKC9fjVombxbW0tKCRBuRJEFMzi0zXJStR8Rjph6sNlNxpahEdjbLmmjSjVJJ41ScFAWWqKDYGiLIYVtagihoWj0VoiikrR4itlWDwupyCycY1z3IsEMyL0d+2qXFHHZnLE5Qgb36qEaMrRKaDqRj0yer10Dfb7Meo+bjhpXtkNQRy4Zq9MDV2ybqKaGAXM3wsjmQFJSEF+Oxpj3wuHkrUvVdghcn3WaLVYeJ+kKMTwEJnQpRfy2HwisjCG4sIzEUhLOpgFhfFW1DTND7gN6BOuKvDGLgnhcwvOhFZF9Yi0I/E2NaVnhqJ0IdaZRiIYwyBo+W81QOCkvtEjjSFAbTfG5jlsHvpDwECxJgKFNHKhi3mV+aA6N4Ho2qRyiIiikV2664SGvVmGwxlyUKH7K4Z2uc/Q0kq3IVX7nfZ5/d4Qiesz6ShIBeoFItuGE+wCVDVgxVcco7P4zVA7yBFTUXKI0zksBUee61NajZXfpUZ4DXA/2YJbcpBDymEIoP3hdj5H+ve8JO1RvfUge1iBW1rJzWrFeEOwoJDBDB1rUMfZzP0uvFFHiA1hClFRdzr9pLKJWs4kTazrsSCu+PJ+MER0mPiXLdPO3QDJQ76Q1X5WAjAg96ZqM+1hZVw+pO91h0KBwl3yN0GJ6wNFs2ovyR7hB5fpaA6RaTjKklgp6SOi1odVqOqiygM0aybu5Uto5FFFBIgI581OLkV33vS/jwqcwRmdwXgkk4wgxhwWjWTiJqScdwyMG8YAfULCCRb5ljQiEJwhr85bVyDTY0QUCjSUnaNF3A3KT2ES1bT83Vnuc0laHKvMte6IilEEp3INrWg0hbtwmhxuC8NVFC26G7o2W/aQhOpmV2M9LE8wQGzMOCZBrzgY5ewnw2POXSjQboeut8FhFooUrAk8tbjNOgrw1Rsd5CcbYgGwU3xkCSF+rp/qXAdK+m0D0tyLtMzke3oHdSC+J0mcHKABx3iGlDDi0xlwiQYSE/gtH+zeQEFZAhST+aVBbo2Bk1+KgB2jiB1z7zNKPME6xqFiIPAq5LSMXMXy8kZhj4vv+rW/CNH/2adSUzJrA4W7n19bIbI1+o/hiSPmtT0Bf5gq1p4qrI++g9oZEOiOoMzrIsaX1NDWWjNY1d2i/m7t0RxHcu/zoO3o9ocTiDdJzCI0OFs8TcBJPw5Zsr+NS3v4eHl75CqyQ6oyLEmYZoge5qiEDD4hY31a1R7wDvl7ExSqmyYxufbN+r/qqDWyUiLRcwb0Y3rvnx9zGNMbZW9JaLkuCzrM9IxsV/Xv493HnPA1TGpPVJRNIUJltbtZ8z82kCi6PrDjPmVgl4Ojo78fSd12JWnAXQdWaphCnhrZomiwSJzIS8mJd89KQDgUw/4koJ1MFHDZXGRDX0W82aW1HCrRCmnMaJ8xpaWECBm8LW86t8MFnO2CH0p14TnQvxjJCbBKLKcVNDBWYoaJvRzLimLex02AIKNaI75T72syi6n4wPxlqwItmJ/Q6eiXZnK2b2hJBO0apSIXS1umhtZxyIMQWJFvHc8y9RJi10YYyldGFaoa/MerqyfikV62Ur3Vd4oNe/WHkJTWhYPRbyHFJdz20KB+gGNaaKlq4pWL50HZ5+5gV0My2dRWDSE85jSlsIexBVzu8K4P988HxEyjl6OCLkeAwVWnqN7fXKZDmKrdqrXHtdiue5RYgLqqUAwsxDFx6+H3rpLFxZa4WuXjpEB0XBMRVoBExBWL0CPH2P3VDMZ8kwMpYNVG4jRCwmV4VCi7RQ3cN7y1oUjYyPMu/SdLtYgkzaAflWtyOqlrJI2OIyep5mGDBxZp6kWKUpoWyHkcN/eu9b7bVYRKsNqsM6GMVfbrsDRcZITU3Xb/yEYzzP2KrlEZvpb6nPG4g8MZ6RXw898ijyym5k8b7XaFjwZCb78+bujkpe8274XYQKyjps95k6z03pT0jrUxPhH/62g4UsTNEcpRhSNFLQd2sqTMea+nzysYfDzY2oLvKOFBB5wjvUNWYPpbnJfURTSYYmQn+e0lrG0kRNEfDLa95PSNv7jhYtQGPf85kyCK30IASnF0D2mz2dYawRR+m3BbjEl7ouJI1wp9lnVdbTft+HrinCStYKbJNyMZXb2HSrv42db6IJ68/YqemDDl3iPffeh2WvrmdtmaepFLueMY9/p09KY8EJR0sTUSWs169y6XhCan4OY4v6OFrpzU485ggrS2VqK1MJ7ZOEpdlUqqBfydOOP4qyYUOVNCu2SGASHCumfo9YjC6NFqnfHKgwBrk2n5AQvJWJ+/aC70QMaNB4IestmkI+Zy5SFlYqlGxiLFtk65Kcf+IxtmST4HvdrIzEW60NPHzwyRfwyqurbP6mPIraoGn2PkRvJr/d/rObaaJzImm+Fk8V3waZV951/0M21BNNpI0PvsWpXupnndzTgTpRsKYqyku9gcY/h56tPDyIw+fvi9k9Df+imEzS7yKIPGGSLHFuNOBt+8/D7nOm0q1LuppBS6apO0gPYAHF0VHC7TSiyRRS+kEjuseq/Ldck9zrzmg7DBHZM+gqRBF7XYp6zOczRyazhtDTlcIpb5vvuUtLFxrPo2JpqoLU5jfX/YEFeac1f1Md4LWK3KVe/fK8hr+NkY4b2xu+a5B/3qZEEKbbu4Ut7bjlrkXYrF4+dcQ3Hmy/Bcv9IQRQRxyyP68n6uWml/N3Snp2MYPzTjvJitPEQbk/vd5tVkuyGOeThCdf2pMI4eTjjiDDJGW9Lhu2OGLvZukUr9MsJ83czQ4MEFaTqyyvnKMWNncNTND4MfK/m+AawQBNk7P5/HyWXpHKb1mLjiiR4gfPxfQu1lNLC+pZdFteuqcKBvHq+q247777EKQy1Su8hnUUE6VUmhlcphtqYADiDLpKf9PnxjYRNQvSjvlsJd4t7Z14jsh18dMvyLkb/3ylqdBTyE+cftLxaGfSXyupT2ecxU3EI8pk+pxZWMCQpZWaZDwi/aqWTzbnxMy7iQQBTj/1JMY79ZIrmLKxAgFkIrlA5NaKUQlMn+ka9ZKHljwMRSMUrqcRzTTW6Ikq2aBmxqizR5u9BMLzNSKzrvYY3nvuifjgBcdqLpPVi3DR1lIx50fQUeK1f7n1DpQGh204SWBJwqwVNZ+FySx5VmP2o2c1P0/knxt/XjT+nJLpQEId8QQSKpSx9fZ7FiHbiBLeq2Zqh5a6AU6kEew9dzaf3VgPzKcJnmVE4Z9z9pmY2kFvZrDXu87eTbAj6Q2txbSkQUJLZQbSg/efCy1+LelLsLrGF9zI0DDCDMyXXnopPnjJJfYD6ZrvX2PAth6P7VXobyRNu9NK5SItXKPFOM9YeDz+zyUXqzuQQmH5Zh4Bm8ZnascmZHIF3HLnndYxXaU71wi6VsCr0fLiWopYFqp0ZBxNJKwdkWa46cUUpQb2M2TJFjz57BKMNBY49Q0h6jjIZXKY0pXErBnT2TClGXyWnre9Z+o8ZXLyiSeYq41SIW2gmp9i6rBokE1daBacAq66Wpiy4n++8CkESgMojPYhNW0q8v3DSDoJREpMG5ibvGP/qfjFp07Bs9d9Cb/9wSU4/vi5SLSXbVG0cIECZF5I38SSWAUNmulduBItV7Nz+QzzGnKHGu2VwDUGJb8X0I/pZRCp57Hg4N1wzTc+jR989mJMc1zEKiOIa45mUI1wEKsVbJAzVw3iiedexdOLnmDOmLD3yrWkREnxMt6CTLFOpZRJeOs/7pDEPDHfNtbPci5tLItb0KmiwLywXGthFaawHXGsW7UGt923CINsl2YZl1mGcsYomR1lcV//9L9gCsFLZZTl5QaQ0s9yEjCFGbxjDDsBJtstzIPjjGPHzFNs7Db21JlwBwNUuorAIR9FVKw+zAkXYRNkVqIcZOOXr1qL11gpXopwugVFanU9XEXRzeO8s07EjJ42JKj9++w+j2j0JHzsvRdg3m6zccBes9Fjpk5tKY6gmh9m/jeCSDWDKmE5EQ4rnqfhUHsjLlLxENqYSLeno9htchRvP+tYfOGS9+PDFy7EIbtP0hRKs6CIup3o9srUQi1jrxyzKsWjlv7q1zfgscefgRtXDkgFdDRK4U0F9Kzt9UoqmtDaGhbDbxt7n7zzgYDecY+TiSyLcS6ViCI3uhWl4jDeff6ZzI8ZXtQ1RlaHKUTFU/UWLV+9HkuWLrMfndBqQXQr9Pgs07yedKSCEtHkt79+KVOe3WXQigB6Iq/xfqdVMwNyjHsTL3tIhhZqNFHC6d/d9igu/cq3kB8somPefhhcuxFodxApDODmq67AyQfuwZijWR9kDoVdoNEE6OWkLVqKMEfLHBnNoL9/EAMDQ8hlC1g3lDEGyk3Lb2vGmIY9NCFG778dulc30mSMOmf02pLW1o4oLZHOsbZ69bhYyNqKeOoortCaN7N+J595AVat2QK3pYMtpitTB3OMEF19odbVI6azAL8PbhyNsUI9JW8Qms41KKAuKzWSZbLByrdG+1YiWNmKRx+6C4dOaxcIt/L0CrKm5VdDcdy86Clc+IGPU3AzmEplEZs8lYZAATIx18Ks5aGtOOSwg/HQtZeb0bv0RIkYXT2tMRQNI8sURH2XkuXEgqMVFBnQg/E01g6X8MnLvok7br0f0Zl7EkkSZVYyiFZHcd2V38PpR+3L4D9kwVhLYRRZnCPFFKMtg1diampjrBCI1box9pknzFi4NbMyBi9WaC6KpuiFZTEsQ2twCRKrh8cCPy1OQKBGTfnNDX/FP118CUJtvailWqlDtDYtbKOhIht+8Z4wXmQTNX+bxfnUJDRSSKvbZjUomjQZB0o5irGA0sA6fPJTH8GPPvMRKpQGYJmi0K0LwOj3ENaPFrDw3Hdi5RpqNOuX7OxCjriAroQ5JxWZBnPVT3+M9x42mziD95JPQuxFxVRZNb2Mckjl0w0WjqegvZMt+DqtLYoLzzkVPTMmo7R5A3Mh5kp8mGYlh2JaTY8NiTEmyYWxgQ7Fo/Ue1fUkN6BhCXXABlh5vVgSpSxTgQp0ZwolxBmjIhXC5BLNn7mLtvyo3jMX5Cdyo4suEdXmeW+F1qmuIHVt6de0ZG323jSffMONN5GDfC4ZosFOuSH1nSr/8d2j93cbenyd0HTsb80kfzVGOtasfpZEhkpZtSSIpn4oAsXau3H9H27DYJ7SZKzzHqtXtmTtLrpb4rZOCrTwG/lbyBHqmwR4P9t9+glH4bhDKTQqhWao2Q/gS3g8Vq2sHNWbxxMKTtPIxQD9loB0/ZRjD8WZC442b6hVTBmMMMSKP7hsOZ5ePUT2U9CaH1GndufqGM7SV1fkCulSWY5pCa8XTxTrjdgqzWXR1ED1iugavcyoLZFuJ9/jVIYwgYYYELI0QxZYaO55oLJofOv5F1/Gw48+hmBbp1pJboZtIFcu1RZEa5DNl1FnMeth+ZoQnr/pc2MTUzw/QTTN77zreWx7Yqi8enKkomQ4LStMl63R7kAgga0bB/DIsy8Z6Le5l7JIliRha4rUuwnz1a9bLIwyz2R6QMWQ95jcmsTH3/d2tLK6tjQJ95paqOVHxCMpqX63SOOGNfVlTgROCtRwTSbVJBm9NhwlY9MtnXh1zXqsX7/R3E+9byteWr0GzwoG573fhEmkWhBNqXdfE32oiXy4hlpsmQeWp5dFlObp3Tl5I5eM19oknkvdtqnCxu4GExXf9E2YBcbpP/RP2qytwGuv+tVvcf/9i5lbtfN2rTpEDRPTImSV4L9MY8yatG8U3kz+d9y89ct0yr+m2epIQsCsoRRPP/MixdMtFbZLllarFnDSCUcjofaa242QF2w/Dye3t+PRZavx6ooVdOUxCs7VXFx86B1n4uJzT0KMSFM9MxJYSR3Zai+ZZktq6ZmqEtHOhDEuQy0hyKOzq9AtZhBkkC+wQl/58e/xw59dSzjeQw0gwqPfy25ahVB7AskEsOe82Tj4kAPxvhOOZMLcgZ7ODrQkCMsbTFKvtxa1ccJp+yzGT7RHLWPW6kmXTBci1OQTdTRT69T/pffNlWcOE+Weft678OTS1xjr0giluojO5S4pMCqYvXwpbVGLZe4GPOQ6mmgcC2z45nW07bPYpSl5hWwWibY08kNDVr+WZBqjm/QKlsPqjeKFB2/HzDYaANusDCdCNFjO6128EH73yCv48Mc/RU/leaHZ07px9x9+hTltFA1Rdy2cRL6Yp2Wy/uSeUoAY22PKkS/ATVDZJxJc2WUQpCVUchQOU4KspqHRPw+wBhd99CO477EtiHb3EHwWYb+nQ0isX+9QJ2pu8yaizilw0klM7e3GnFlTsPfus7AHU4SZUyehvTXNMj2Etz3Sq8dG5tbINDLcm9qnPR1UXbkSwQqByjNLluLTn7uMRkB31DnJZtChdyrbSyaosaYNXhz0jUwvuIgmaLrR+MWyx18X0ACj3ChP+99p7o65XFKwsAWXXvLPOO+0BUhSz5RAVyuM90SzGvZam6vgk5/5HDYseRF7HDgPP//2F3HsQXvSE2nhcf1q8Y5Jv5g5oeCyRI1Jxpgqk+iItJbtrHITCF65eTPO//h/Ys2aDTRfai4rUy3SV9dKcAnR00Q/o0q01SWl5FcJqzber598ESNdWdMOqK5p7CQTllmJmNQQJj9rfE3pg9521Uv22VwR6amzqMExRJjk5sIEMCY4AROxoSE4zwGL895+PDVYYcrSoImEO15w3jU81xAcBl5jyNBISZbKnWOeF7N+Uv3kWtiJI0MLTbW2YbS/H1/614/hMx96BzMs75nqmt6xWvOZfJZCyBtII9JqWoQup6wf7hHvKAOta7zHpEn49MUXYko7A/LoAIEbGUPm6MfVLZTQv6MwyIs1vE/UxABclwC5qb3aCqX6DrdSNcK4SDSp+Ys1NrgW5RazrVwnaOE1RaYJWik9z3jjMG/L5MsoDw7xelZWHG34XSmKH7MmJDHd33xqOqdS/O0N122HkpNm0G2orkTWFmZSGGY7iCWRUU8ww87opk046fgj8LH3vwP6LSQxWJ3hrwOx2yFFjAkFpxcB8wz6qqJe0a1oUWnKp43IT1Z48dnH4L3nLOS3zKv6t1LrmSwzQdSCz5nhIQblGuJ6Y5PRWL+IFaIGq/9OKwloU0De0WaTT9UQbrpPGu2BP+E4BunWTqIyujMyR7lUTck1kVewU91EZLEJzeOAXNg2q/H22x0V8B5i1/jkW9S2MiY+10y5kSzRQZiJ9iSEW3qZxiRRj7XY0hwRLa1IJd5rv73xzcv+Fd10aIWMZkaz5ozFBuR2QgIrE7pKjdGOZkfQEk8y7yIkL1eMgYLs4ovm7K4bzOGzX/s+bvzz3dbJGtLQSY6JeJ1xr0hLE6Q0UOBZpHIqDdXYSng1L8HeHmldYyPBfT8wNVE42YbSCBtLIKDlgDXYGmLSHUt3Iqef/kwl+Cw+W50AFjHoKiVLyzUlJI8522O8dWKPo+ZrvWPPVTZ/9oUeJ6pV91StIuvnCaJOxWT9WIVmDXW1R3DVj76NBfPnMJEnn/UjU+SXDQpbZ8OOSd5wQsHRsbEydbpJxhLNo2elckRR1mNBxtfqTJidNixbP4jL/vMK3HbT7abxBlPFaq2gqmIlPDHLhKitwbjwtnGlicjmQNqBx3y7T8digpWTsBdT1F0mBtWlGIpr0SRC6kNU56C0Ul0PDWHZIKeVwfttouk4amKDDRuRJmCNUV0xkFKT4LZdw3M65Gf1gVdLXgrkaLiL1bMfkKJyd3W248pvfx6nvG0fOKxHOZthqtXO2zSQ7TXX2rkD0mMmFJz9CA99o2+2OraKkTQ9LgSipEDUunEee2ENvvTN/8JTz79gb3PajyoImIhUNP+bK2Ij/EUyK94I2nZJv2IsFdA9FoZpqV445v1WBi0s6hBBEl1Rk2OaSOQkGO/4ICXgUlpdZ0FX9+lzY8/a79TifMVpouZr6ST5tyGoMWoSnNIYdQDotMYD1ameH8Z+B+yFC5iAf/79ZzCdGES73nVnWzb2DaOzp1u9nyhRkDG9NbsTmlBwqkOlSESpqXdsf76Yg8M8xAZOjUq0eBos8w3Fl7seWYZ//+Z3sGzZq7Bp5XKVIhVtUF4ParCexzUh1R1QiLmX1MSshNaknnZzsbIsfR8hMtWkH5atjmktwBmOp1GS1uoaTY70BSeSn7SytOcmsDQRNVihRLmZxrNoZ4LTz65p2oW8Af0leediSmcSF55/Ov71YxeiW6qbH7JJToF4O8hpG/0Kk6UxLTcp77UDUnUmFtxOyFYPJ3jRfPnM6Cj0m6PPrliPf/rUZVjywjIEk600OiIkMk75vo2g03fbb3wz9woEGhbXyKcsRRBDG6Q5lkYUgt1v/PaEpphVp4v0PjTu8QVih4prO4kTDei2vaZLuZrpDYKjLwyy7nW9elVV9xfrxs+2sp2uzTNOt7VScDzYugnT507DZR+7CO899Xi0aMl59ei8RXpTgrPgKJRYLRIlElm6tEYiyyWrttpL+nc99ARdWZTYwXupz/th9wAVSQG6AteveJPgRL7w9I6ZJ0x9ksBoLbqWFmXnddy41vaNY78cctbbb4+2g7l9VkjdfJqQPWyD5tbIiwjCy9qkzKqvfgkyzVxycPUqnq/g4KMPxftpaWcccyhmtTG5lhsd81xvnt6U4JhG0XW79luoWoCG+ArDGaa/6QRWbxrCF757JR546FHmKn2ITp5pyfKIlqdlYt3WksCwfjuM5AvnDYITsNB3Epid00XePR4JrXnX+vsxoYl2KrhtrnKi5o+3OJ/8awOZvE1dsDo2ztlCPVQI9VsWh7dQOHUcNn9vfPxD78H5Cw63DuYglZhO38t93yK9KcFlWYE4radCQQi42VsqBDRaacGJOVibqeNn1/wW11z3Z/T1ZxBh3pWIp3h93pZnsh93IG0TmH2wY48axzpnoKLRUD9OMeXwPm+7p1lwzW9/TkwTWxxvtJ2crU8TsSfB3FDKap3l/OyhbU0RZyqk2Du6Be+44Ex88F3n4ogD92KCTXdf128SVUzgNnfnLdKbEpzANKvCrW4LtyXirDgro1eM5DqjzKnE2r/e9xQu/8lVeG7xs0DPNKS7e5EZIcLymdzEbDv2P/o1MqGJKLixY9EEcL6J9KMWOyZPcNtrelOtxuj117J1Ug6CKPvtghpztgzhfrCKto5WvP/kY/DO887CIXvNhMP7yvmMDVd5SLPZEb95elOCqxucVwW8Kug9Ai1JGIuE6Qb05igrql9MJNRdvGQFfv6/f8ZN9z2CvH4DWi8nKrHx6XXCa+zHqsQT9r0E0SQM+/Xa7ZDu3ZngJuqrbGKD367tskZTNZQoa2Ksrhmga+S5Q4+cjwvOOR3vP+V4dCRjBu/z2VFEGbPDGrFgsYWSFobj8VukNwdOajkbdtFvDpToIjWTyZ+/XynmrY9zaLDfXIhWfR0o1PCL62/CdTffi1fWbmKCr/zFozGv1mRx22b7UgAUgqF53+IE+ZtXLZio+jtrkR/Ettf0iU43XZtKaIUjgrIcQRdByaSeFhx7yN646PyFtkiNTRaq09LoGiPkk82co67KG5XoThNKmd4ivSnBAVmMjuaZ8XfQ+vRDPfQa4qv6IdnqgULJkkum8ChmRuEwoSwHHDzwwlpc/bsbceNdT1gpzaGouRIRgo/mLqqxXg+SYllNgVXUXPXXHTf226Ptow/bBcfFyPEsCjFWU15EyHXMmzsHH/vAO/Ghdx6hH8smgh6BEw+jWKjSPWpqHRWPt6sEL7QxHSLP3iq9ScG9Nfr1PU/jjzfditvufYRIk2G+YxIbqUU6KzZEFGHDbBKQupbUeazhGcU5Qmm9NRSl8AzRNfhr7/awGQIMIjekWWfMtXiBRo7VfadrLHHmJaGIupj4qSY4z2cYC5SbBblREfMDcBJe956WJ1YqEmIct/poVlamD7PnTMc/vf0cfIAgZGon81b151JttSjN68W+a+jvIjh1Ma/fmsP9jz6Dm+9ehHsefAKVzf1aSh3JnknIiZlkaqiiwVnjm1lg2SyF38nTmgXqCwqC2q8pfCFavC7JatoYhR2if/J+S4dKoLzT7uc2qA5qxSiHLqyRetCN2SKgGndy6MqYnynJ1vyPSqUAVz+zyWP9tsAlF52L809fiP2nd9iPv0eJMvW+t2ajy+cw1O9y+rsIrsg0IuLQwni8YTCHh59cgkVPvIAHH38eK5a9jFCq21tVXZNmhGNkCWR8qEwGcSs6rLJZnQZKA55bbcrzwo080Xshk1blD8JSEGZVSb33TXfcEJSNg7Ece+WMgi5WCB5sbTJ1WRVp9HXstcdsvP3cs3DmGadiZiefzVuTfG5Uz5YlUonqtHB1XdlvBe5i+rsIrqLlWen4FRc101ivGGfZ4EeeXoEHH3sKP/z9H6jhFQQJasKa5UUEV42GUbAbgO5s0ARrE4nJaK0no4VFbQhIFmYDU01Ei1O6IuuT4MqjFAotzuaHsEwtoqPfQ7Vf7qe7TrS0cVdGRyqCIw/Zn9Z1Mo478hB0aPSFjxAQy2dzSFCxtPJ7XUM4LDscdVAmrtJqGbua/i6Ck/7bLwJToxXTRGGiTwlQ3xF44Ymlr+Av9y/CHY8/gRVrNhFtu0yD4kiEEsjoFSurtaa90dXRbVp2ZHvxPu/1TnCzxQYa1hUgmFBci3V1EvGVmF9lic8VD1kXurpUOmFQ/eC9JuGUk0/AmQtPwpQWh/cSJRZHkYqyfMbcXLaKZNLrRLDXZeUb+eyiRlWierl519PfRXCjRY2oM17IFUoC1G51SqvLS+Et6+hnvzQFXSk+sGZzBYuefh63P/Ionnl5Gda89KoX+AgkLJ/SwKuBGLpAnk/lIsSzdeaRdJXq+FV/Ii2cjpJlBlDRDw7R0qKpBKZNnYz99pqHww+bj4PnH4RZM7owhSFONStWcuYK1UvkqRvLK+QQjHehxFRAs6o1JdF+2ZLXaRab5rnoGbua/i6Ck4brRfe8prmT+XJXmjktxpjkBBcZNwgJCEhCRIkeUlMXo8JVZqSI4UwWa/o2Yfm6dVi2+jW8sn4d1vf1YTiXwdBagg/5q0QM8baUrYE5qasHk7lvT6Zx7kEHoC2dRndXB3o6WqHJ0fJuQp1VKlC4rrimYSydpchorVqSX+diljwHvets3FBAs4AEE24NIit+x5203bcr6e8juNIQYxLhdiQhJ2W6rPiulWGl29RdVkwntTVVT2hRJMEaeYBASE7xjgZrFhrS0i16fZiFWdk6x78a4NSoSp7IQqPUeiFDQ7SaSWzu0gZYNb8lyXP+GCCtmJ9UhibpaIw1ohdRaOUqWxN+9TveNd5br5Zs8rA3Z3nXUoCoyzgjVCUSClMAl5b570vr2Jv/Lj6yYbxG3/nUfE7H2po7UvXZL180/hr/Wf6xyC/LoHrT9R5K9FaIEDV/J/Lrr9Uf1HOj75rr1lwPWY3O65x/n2j8cfPzPEsLv+6a5nLHH/ufm5/rk1bJtbWtSbJoe1mSpLJFzffpuTr26gH8f/pe19v5tX4PAAAAAElFTkSuQmCC', 1);

-- --------------------------------------------------------

--
-- Estructura de tabla para la tabla `fletes`
--

CREATE TABLE `fletes` (
  `id` bigint(20) NOT NULL,
  `idMaquinaria` bigint(20) NOT NULL,
  `idRuta` bigint(20) DEFAULT NULL,
  `flete` float NOT NULL,
  `datecreated` timestamp NULL DEFAULT NULL,
  `dateupdate` timestamp NULL DEFAULT NULL,
  `datedelete` timestamp NULL DEFAULT NULL,
  `idUsuario` bigint(20) NOT NULL,
  `nit` bigint(20) DEFAULT NULL,
  `status` int(11) NOT NULL DEFAULT 1
) ENGINE=InnoDB DEFAULT CHARSET=utf8mb4 COLLATE=utf8mb4_spanish_ci;

-- --------------------------------------------------------

--
-- Estructura de tabla para la tabla `maquinarias`
--

CREATE TABLE `maquinarias` (
  `id` bigint(20) NOT NULL,
  `placa` varchar(10) COLLATE utf8mb4_spanish_ci NOT NULL,
  `marca` varchar(50) COLLATE utf8mb4_spanish_ci NOT NULL,
  `referencia` varchar(30) COLLATE utf8mb4_spanish_ci NOT NULL,
  `modelo` varchar(30) COLLATE utf8mb4_spanish_ci NOT NULL,
  `color` varchar(30) COLLATE utf8mb4_spanish_ci NOT NULL,
  `capacidad` varchar(30) COLLATE utf8mb4_spanish_ci NOT NULL,
  `nroSerie` varchar(30) COLLATE utf8mb4_spanish_ci NOT NULL,
  `nroSerieChasis` varchar(30) COLLATE utf8mb4_spanish_ci NOT NULL,
  `nroMotor` varchar(30) COLLATE utf8mb4_spanish_ci NOT NULL,
  `rodaje` varchar(30) COLLATE utf8mb4_spanish_ci NOT NULL,
  `rut` varchar(30) COLLATE utf8mb4_spanish_ci NOT NULL,
  `gps` varchar(30) COLLATE utf8mb4_spanish_ci NOT NULL,
  `fechaSoat` varchar(10) COLLATE utf8mb4_spanish_ci DEFAULT NULL,
  `fechaTecno` varchar(10) COLLATE utf8mb4_spanish_ci DEFAULT NULL,
  `propietario` varchar(70) COLLATE utf8mb4_spanish_ci NOT NULL,
  `documentoPropietario` bigint(20) NOT NULL,
  `telefonoPropietario` bigint(15) NOT NULL,
  `correoPropietario` varchar(100) COLLATE utf8mb4_spanish_ci NOT NULL,
  `operador` varchar(70) COLLATE utf8mb4_spanish_ci NOT NULL,
  `documentOperador` bigint(20) NOT NULL,
  `telefonOperador` bigint(15) NOT NULL,
  `correOperador` varchar(100) COLLATE utf8mb4_spanish_ci NOT NULL,
  `content_type` text COLLATE utf8mb4_spanish_ci DEFAULT NULL,
  `base_64` longtext COLLATE utf8mb4_spanish_ci DEFAULT NULL,
  `idTpMaquinaria` bigint(20) DEFAULT NULL,
  `idUsuario` bigint(20) DEFAULT NULL,
  `nit` bigint(20) NOT NULL,
  `status` int(11) NOT NULL DEFAULT 1
) ENGINE=InnoDB DEFAULT CHARSET=utf8mb4 COLLATE=utf8mb4_spanish_ci;

-- --------------------------------------------------------

--
-- Estructura de tabla para la tabla `materiales`
--

CREATE TABLE `materiales` (
  `id` bigint(20) NOT NULL,
  `nombre` varchar(30) COLLATE utf8mb4_spanish_ci NOT NULL,
  `descripcion` text COLLATE utf8mb4_spanish_ci NOT NULL,
  `nit` bigint(20) NOT NULL,
  `status` int(11) NOT NULL DEFAULT 1
) ENGINE=InnoDB DEFAULT CHARSET=utf8mb4 COLLATE=utf8mb4_spanish_ci;

-- --------------------------------------------------------

--
-- Estructura de tabla para la tabla `modulo`
--

CREATE TABLE `modulo` (
  `id` bigint(20) NOT NULL,
  `menu_id` int(11) DEFAULT NULL,
  `page` varchar(30) COLLATE utf8mb4_spanish_ci DEFAULT NULL,
  `titulo` varchar(50) COLLATE utf8mb4_spanish_ci NOT NULL,
  `icono` varchar(100) COLLATE utf8mb4_spanish_ci DEFAULT NULL,
  `descripcion` text COLLATE utf8mb4_spanish_ci DEFAULT NULL,
  `tabla_bd` varchar(20) COLLATE utf8mb4_spanish_ci DEFAULT NULL,
  `status` int(11) DEFAULT 1
) ENGINE=InnoDB DEFAULT CHARSET=utf8mb4 COLLATE=utf8mb4_spanish_ci;

--
-- Volcado de datos para la tabla `modulo`
--

INSERT INTO `modulo` (`id`, `menu_id`, `page`, `titulo`, `icono`, `descripcion`, `tabla_bd`, `status`) VALUES
(1, NULL, NULL, '⨇ Dashboard', NULL, 'PAGINA PRINCIPAL', NULL, 1),
(2, NULL, NULL, 'Acuerdos', 'fal fa-handshake', 'acuerdos de pagos con los socios', NULL, 1),
(3, NULL, NULL, 'Ingresos', 'fal fa-forklift', 'todo lo que tenga que ver con los vehiculos', NULL, 1),
(4, NULL, NULL, 'Pre-Configuración', 'fal fa-cogs', 'configuracion o llenado de datos', NULL, 1),
(5, NULL, NULL, 'Registros', 'fal fa-ballot-check', 'registros de actividades', NULL, 1),
(6, NULL, NULL, 'Reportes', 'fal fa-file-spreadsheet', 'modulo del sistema de facturacion a pronto pago por rutas y viajes', NULL, 1),
(7, NULL, NULL, 'Sistema', 'fal fa-sliders-h-square', 'MODULO DE SISTEMAS PARA ADMINISTRADOR DE LA PLATAFORMA', NULL, 1),
(8, NULL, NULL, 'Usuarios', 'fal fa-users', 'MODULO DE DEFINICION DE ROLES PARA PERMISOS A MODULOS', NULL, 1),
(9, NULL, NULL, 'reservado', NULL, NULL, NULL, 2),
(10, NULL, NULL, 'reservado', NULL, NULL, NULL, 2),
(11, NULL, NULL, 'reservado', NULL, NULL, NULL, 2),
(13, NULL, NULL, 'reservado', NULL, NULL, NULL, 2),
(14, NULL, NULL, 'reservado', NULL, NULL, NULL, 2),
(15, NULL, NULL, 'reservado', NULL, NULL, NULL, 2),
(16, NULL, NULL, 'reservado', NULL, NULL, NULL, 2),
(17, NULL, NULL, 'reservado', NULL, NULL, NULL, 2),
(20, 1, 'home', 'Home', NULL, 'PAGINA PRINCIPAL DE LA INTERFAZ', NULL, 1),
(21, 2, 'alquiler', 'Alquiler', NULL, 'Hora final - Hora inicial <= Standby = Standby\no\nHora final - Hora inicial >= Standby = Standby + (hrasExtr*VlrHora (tarifa/ Standby))', 'alquiler', 1),
(22, 2, 'fletes', 'Fletes', NULL, 'Tarifa constante que se suma y totaliza al final', 'fletes', 1),
(23, 2, 'movimientos', 'Movimientos', NULL, 'Nro-movimeintos * kilometro * metros * tarifa', 'movimientos', 1),
(24, 3, 'maquinarias', 'Maquinaria', NULL, 'interfaz de las placas de los vehiculos', 'maquinarias', 1),
(25, 4, 'contratos', 'Contratos', NULL, 'submodulo de gestion de contratos del sistema de facturacion', 'contratos', 1),
(26, 4, 'materiales', 'Materiales', NULL, 'materiales a transportar', 'materiales', 1),
(27, 4, 'rutas', 'Rutas', NULL, 'rutas de viajes', 'rutas', 1),
(28, 5, 'registros', 'Registros', NULL, 'registros de viajes hechos', NULL, 1),
(29, 6, 'informes', 'Informes', NULL, 'pagina de informas a viajes', NULL, 1),
(30, 6, 'socios', 'Socios', NULL, 'Informes para los socios', NULL, 1),
(31, 7, 'empresas', 'Empresas', NULL, 'PANEL ADMINISTRATIVO DE EMPRESAS', 'empresas', 1),
(32, 7, 'roles', 'Roles y Permisos', NULL, 'Roles y Permisos', 'rol', 1),
(33, 8, 'sucursales', 'Sucursales', NULL, 'PANEL ADMINISTRATIVO DE SUCURSALES PARA ROL GERENTE', 'sucursal', 1),
(34, 8, 'usuarios', 'Usuarios', NULL, 'ADMINISTRACION DE USUARIOS MODULOS ROLES Y PERMISOS', 'usuarios', 1);

-- --------------------------------------------------------

--
-- Estructura de tabla para la tabla `movimientos`
--

CREATE TABLE `movimientos` (
  `id` bigint(20) NOT NULL,
  `idMaquinaria` bigint(20) NOT NULL,
  `idRuta` bigint(20) DEFAULT NULL,
  `kilometraje` int(11) NOT NULL,
  `tarifa` int(11) NOT NULL,
  `datecreated` timestamp NOT NULL DEFAULT current_timestamp() ON UPDATE current_timestamp(),
  `dateupdate` timestamp NULL DEFAULT NULL,
  `datedelete` timestamp NULL DEFAULT NULL,
  `idUsuario` bigint(20) NOT NULL,
  `nit` bigint(20) DEFAULT NULL,
  `status` int(11) NOT NULL DEFAULT 1
) ENGINE=InnoDB DEFAULT CHARSET=utf8mb4 COLLATE=utf8mb4_spanish_ci;

-- --------------------------------------------------------

--
-- Estructura de tabla para la tabla `permisos`
--

CREATE TABLE `permisos` (
  `id` bigint(20) NOT NULL,
  `rolid` bigint(20) DEFAULT NULL,
  `moduloid` bigint(20) DEFAULT NULL,
  `r` int(11) DEFAULT 0,
  `w` int(11) DEFAULT 0,
  `u` int(11) DEFAULT 0,
  `d` int(11) DEFAULT 0
) ENGINE=InnoDB DEFAULT CHARSET=utf8mb4 COLLATE=utf8mb4_spanish_ci;

--
-- Volcado de datos para la tabla `permisos`
--

INSERT INTO `permisos` (`id`, `rolid`, `moduloid`, `r`, `w`, `u`, `d`) VALUES
(1, 1, 1, 1, 1, 1, 1),
(2, 2, 1, 1, 0, 0, 0),
(3, 3, 1, 1, 0, 0, 0),
(4, 4, 1, 1, 0, 0, 0),
(5, 1, 2, 1, 1, 1, 1),
(6, 2, 2, 1, 0, 0, 0),
(7, 3, 2, 1, 0, 0, 0),
(8, 4, 2, 1, 0, 0, 0),
(9, 1, 3, 1, 1, 1, 1),
(10, 2, 3, 1, 0, 0, 0),
(11, 3, 3, 1, 0, 0, 0),
(12, 4, 3, 1, 0, 0, 0),
(13, 1, 4, 1, 1, 1, 1),
(14, 2, 4, 1, 0, 0, 0),
(15, 3, 4, 1, 0, 0, 0),
(16, 4, 4, 1, 0, 0, 0),
(17, 1, 5, 1, 1, 1, 1),
(18, 2, 5, 1, 0, 0, 0),
(19, 3, 5, 1, 0, 0, 0),
(20, 4, 5, 1, 0, 0, 0),
(21, 1, 6, 1, 1, 1, 1),
(22, 2, 6, 1, 0, 0, 0),
(23, 3, 6, 1, 0, 0, 0),
(24, 4, 6, 1, 0, 0, 0),
(25, 1, 7, 1, 1, 1, 1),
(26, 2, 7, 1, 0, 0, 0),
(27, 3, 7, 1, 0, 0, 0),
(28, 4, 7, 1, 0, 0, 0),
(29, 1, 8, 1, 1, 1, 1),
(30, 2, 8, 1, 0, 0, 0),
(31, 3, 8, 1, 0, 0, 0),
(32, 4, 8, 1, 0, 0, 0),
(33, 1, 20, 1, 1, 1, 1),
(34, 2, 20, 1, 0, 0, 0),
(35, 3, 20, 1, 0, 0, 0),
(36, 4, 20, 1, 0, 0, 0),
(37, 1, 21, 1, 1, 1, 1),
(38, 2, 21, 1, 0, 0, 0),
(39, 3, 21, 1, 0, 0, 0),
(40, 4, 21, 1, 0, 0, 0),
(41, 1, 22, 1, 1, 1, 1),
(42, 2, 22, 1, 0, 0, 0),
(43, 3, 22, 1, 0, 0, 0),
(44, 4, 22, 1, 0, 0, 0),
(45, 1, 23, 1, 1, 1, 1),
(46, 2, 23, 1, 0, 0, 0),
(47, 3, 23, 1, 0, 0, 0),
(48, 4, 23, 1, 0, 0, 0),
(49, 1, 24, 1, 1, 1, 1),
(50, 2, 24, 1, 0, 0, 0),
(51, 3, 24, 1, 0, 0, 0),
(52, 4, 24, 1, 0, 0, 0),
(53, 1, 25, 1, 1, 1, 1),
(54, 2, 25, 1, 0, 0, 0),
(55, 3, 25, 1, 0, 0, 0),
(56, 4, 25, 1, 0, 0, 0),
(57, 1, 26, 1, 1, 1, 1),
(58, 2, 26, 1, 0, 0, 0),
(59, 3, 26, 1, 0, 0, 0),
(60, 4, 26, 1, 0, 0, 0),
(61, 1, 27, 1, 1, 1, 1),
(62, 2, 27, 1, 0, 0, 0),
(63, 3, 27, 1, 0, 0, 0),
(64, 4, 27, 1, 0, 0, 0),
(65, 1, 28, 1, 1, 1, 1),
(66, 2, 28, 1, 0, 0, 0),
(67, 3, 28, 1, 0, 0, 0),
(68, 4, 28, 1, 0, 0, 0),
(69, 1, 29, 1, 1, 1, 1),
(70, 2, 29, 1, 0, 0, 0),
(71, 3, 29, 1, 0, 0, 0),
(72, 4, 29, 1, 0, 0, 0),
(73, 1, 30, 1, 1, 1, 1),
(74, 2, 30, 1, 0, 0, 0),
(75, 3, 30, 1, 0, 0, 0),
(76, 4, 30, 1, 0, 0, 0),
(77, 1, 31, 1, 1, 1, 1),
(78, 2, 31, 1, 0, 0, 0),
(79, 3, 31, 1, 0, 0, 0),
(80, 4, 31, 1, 0, 0, 0),
(81, 1, 32, 1, 1, 1, 1),
(82, 2, 32, 1, 0, 0, 0),
(83, 3, 32, 1, 0, 0, 0),
(84, 4, 32, 1, 0, 0, 0),
(85, 1, 33, 1, 1, 1, 1),
(86, 2, 33, 1, 0, 0, 0),
(87, 3, 33, 1, 0, 0, 0),
(88, 4, 33, 1, 0, 0, 0),
(89, 1, 34, 1, 1, 1, 1),
(90, 2, 34, 1, 0, 0, 0),
(91, 3, 34, 1, 0, 0, 0),
(92, 4, 34, 1, 0, 0, 0);

-- --------------------------------------------------------

--
-- Estructura de tabla para la tabla `registros_alquiler`
--

CREATE TABLE `registros_alquiler` (
  `id` bigint(20) NOT NULL,
  `idMaquinaria` bigint(20) DEFAULT NULL,
  `idRuta` bigint(20) NOT NULL,
  `idMaterial` bigint(20) NOT NULL,
  `nota` text COLLATE utf8mb4_spanish_ci DEFAULT NULL,
  `datecreated` timestamp NULL DEFAULT NULL,
  `dateupdate` timestamp NULL DEFAULT NULL,
  `datedelete` timestamp NULL DEFAULT NULL,
  `idUsuario` bigint(20) NOT NULL,
  `nit` bigint(20) NOT NULL,
  `status` int(11) DEFAULT 1
) ENGINE=InnoDB DEFAULT CHARSET=utf8mb4 COLLATE=utf8mb4_spanish_ci;

-- --------------------------------------------------------

--
-- Estructura de tabla para la tabla `registros_fletes`
--

CREATE TABLE `registros_fletes` (
  `id` bigint(20) NOT NULL,
  `idMaquinaria` bigint(20) DEFAULT NULL,
  `idRuta` bigint(20) NOT NULL,
  `idMaterial` bigint(20) NOT NULL,
  `nota` text COLLATE utf8mb4_spanish_ci DEFAULT NULL,
  `datecreated` timestamp NULL DEFAULT NULL,
  `dateupdate` timestamp NULL DEFAULT NULL,
  `datedelete` timestamp NULL DEFAULT NULL,
  `idUsuario` bigint(20) NOT NULL,
  `nit` bigint(20) NOT NULL,
  `status` int(11) DEFAULT 1
) ENGINE=InnoDB DEFAULT CHARSET=utf8mb4 COLLATE=utf8mb4_spanish_ci;

-- --------------------------------------------------------

--
-- Estructura de tabla para la tabla `registros_movimientos`
--

CREATE TABLE `registros_movimientos` (
  `id` bigint(20) NOT NULL,
  `idMaquinaria` bigint(20) DEFAULT NULL,
  `idRuta` bigint(20) NOT NULL,
  `idMaterial` bigint(20) NOT NULL,
  `nota` text COLLATE utf8mb4_spanish_ci DEFAULT NULL,
  `datecreated` timestamp NULL DEFAULT NULL,
  `dateupdate` timestamp NULL DEFAULT NULL,
  `datedelete` timestamp NULL DEFAULT NULL,
  `idUsuario` bigint(20) NOT NULL,
  `nit` bigint(20) NOT NULL,
  `status` int(11) DEFAULT 1
) ENGINE=InnoDB DEFAULT CHARSET=utf8mb4 COLLATE=utf8mb4_spanish_ci;

-- --------------------------------------------------------

--
-- Estructura de tabla para la tabla `rol`
--

CREATE TABLE `rol` (
  `id` bigint(20) NOT NULL,
  `nombrerol` varchar(50) COLLATE utf8mb4_spanish_ci NOT NULL,
  `descripcion` text COLLATE utf8mb4_spanish_ci DEFAULT NULL,
  `status` int(11) DEFAULT 1
) ENGINE=InnoDB DEFAULT CHARSET=utf8mb4 COLLATE=utf8mb4_spanish_ci;

--
-- Volcado de datos para la tabla `rol`
--

INSERT INTO `rol` (`id`, `nombrerol`, `descripcion`, `status`) VALUES
(1, 'AUTOR', 'ACCESO SOLO NOSOTROS PARA EDITAR TODOS LOS USUARIOS Y TODAS LAS EMPRESAS Y SUS DATOS', 1),
(2, 'GERENTE', 'ACCESO TOTAL A LA EMPRESA PARA EDITAR SUS USUARIOS Y LOS DATOS DE SU EMPRESA', 1),
(3, 'USUARIO', 'USUARIO NORMAL CON ACCESO A LOS DATOS DE LA EMPRESA POR PARTE DEL ADMINISTRADOR', 1),
(4, 'SOCIOS', 'SOCIO O PROPIETARIO DE MAQUINARIAS', 1);

-- --------------------------------------------------------

--
-- Estructura de tabla para la tabla `rutas`
--

CREATE TABLE `rutas` (
  `id` bigint(20) NOT NULL,
  `nombre` varchar(50) COLLATE utf8mb4_spanish_ci DEFAULT NULL,
  `origen` varchar(50) COLLATE utf8mb4_spanish_ci NOT NULL,
  `destino` varchar(50) COLLATE utf8mb4_spanish_ci NOT NULL,
  `idUsuario` bigint(20) NOT NULL,
  `nit` bigint(20) NOT NULL,
  `status` int(11) DEFAULT 1
) ENGINE=InnoDB DEFAULT CHARSET=utf8mb4 COLLATE=utf8mb4_spanish_ci;

-- --------------------------------------------------------

--
-- Estructura de tabla para la tabla `rutas_contratos`
--

CREATE TABLE `rutas_contratos` (
  `id` bigint(20) NOT NULL,
  `kilometraje` float DEFAULT NULL,
  `tarifa` float NOT NULL,
  `fecha_creado` timestamp NOT NULL DEFAULT current_timestamp() ON UPDATE current_timestamp(),
  `idRuta` bigint(20) NOT NULL,
  `idContrato` bigint(20) NOT NULL,
  `status` int(11) DEFAULT 1
) ENGINE=InnoDB DEFAULT CHARSET=utf8mb4 COLLATE=utf8mb4_spanish_ci;

-- --------------------------------------------------------

--
-- Estructura de tabla para la tabla `status`
--

CREATE TABLE `status` (
  `id` bigint(11) NOT NULL,
  `status` varchar(20) COLLATE utf8mb4_spanish_ci NOT NULL
) ENGINE=InnoDB DEFAULT CHARSET=utf8mb4 COLLATE=utf8mb4_spanish_ci;

--
-- Volcado de datos para la tabla `status`
--

INSERT INTO `status` (`id`, `status`) VALUES
(1, 'activo'),
(2, 'inactivo'),
(3, 'eliminado'),
(4, 'restaurado'),
(5, 'espera'),
(6, 'revisar'),
(7, 'facturados'),
(8, 'pagados');

-- --------------------------------------------------------

--
-- Estructura de tabla para la tabla `sucursal`
--

CREATE TABLE `sucursal` (
  `id` bigint(20) NOT NULL,
  `descripcion` text COLLATE utf8mb4_spanish_ci NOT NULL,
  `direccion` varchar(100) COLLATE utf8mb4_spanish_ci NOT NULL,
  `telefono` bigint(20) NOT NULL,
  `email` varchar(100) COLLATE utf8mb4_spanish_ci NOT NULL,
  `nit` bigint(20) NOT NULL,
  `status` int(11) NOT NULL DEFAULT 1
) ENGINE=InnoDB DEFAULT CHARSET=utf8mb4 COLLATE=utf8mb4_spanish_ci;

-- --------------------------------------------------------

--
-- Estructura de tabla para la tabla `tipo_maquinaria`
--

CREATE TABLE `tipo_maquinaria` (
  `id` bigint(20) NOT NULL,
  `tipo` varchar(30) COLLATE utf8mb4_spanish_ci NOT NULL,
  `descripcion` text COLLATE utf8mb4_spanish_ci DEFAULT NULL
) ENGINE=InnoDB DEFAULT CHARSET=utf8mb4 COLLATE=utf8mb4_spanish_ci;

--
-- Volcado de datos para la tabla `tipo_maquinaria`
--

INSERT INTO `tipo_maquinaria` (`id`, `tipo`, `descripcion`) VALUES
(1, 'MAQUINARIA PESADA', NULL),
(2, 'VEHICULOS', NULL),
(3, 'EQUIPOS MENORES', NULL);

-- --------------------------------------------------------

--
-- Estructura de tabla para la tabla `usuarios`
--

CREATE TABLE `usuarios` (
  `id` bigint(20) NOT NULL,
  `nit` bigint(20) DEFAULT NULL,
  `identificacion` varchar(50) COLLATE utf8mb4_spanish_ci NOT NULL,
  `nombres` varchar(50) COLLATE utf8mb4_spanish_ci NOT NULL,
  `a_paterno` varchar(30) COLLATE utf8mb4_spanish_ci NOT NULL,
  `a_materno` varchar(30) COLLATE utf8mb4_spanish_ci NOT NULL,
  `telefono` bigint(20) DEFAULT NULL,
  `email_user` varchar(100) COLLATE utf8mb4_spanish_ci NOT NULL,
  `pswd` text COLLATE utf8mb4_spanish_ci NOT NULL,
  `nombrefiscal` varchar(81) COLLATE utf8mb4_spanish_ci DEFAULT NULL,
  `direccionfiscal` varchar(100) COLLATE utf8mb4_spanish_ci DEFAULT NULL,
  `content_type` text COLLATE utf8mb4_spanish_ci NOT NULL,
  `base_64` longtext COLLATE utf8mb4_spanish_ci NOT NULL,
  `rolid` bigint(20) DEFAULT 3,
  `sucursalid` bigint(20) DEFAULT NULL,
  `datecreated` timestamp NOT NULL DEFAULT current_timestamp(),
  `status` int(11) DEFAULT 1
) ENGINE=InnoDB DEFAULT CHARSET=utf8mb4 COLLATE=utf8mb4_spanish_ci;

--
-- Volcado de datos para la tabla `usuarios`
--

INSERT INTO `usuarios` (`id`, `nit`, `identificacion`, `nombres`, `a_paterno`, `a_materno`, `telefono`, `email_user`, `pswd`, `nombrefiscal`, `direccionfiscal`, `content_type`, `base_64`, `rolid`, `sucursalid`, `datecreated`, `status`) VALUES
(1, 12345678, '1096241229', 'MARTIN', 'ALMEIDA', 'CAVANZO', 3107698290, 'MARTINALMEIDA56@GMAIL.COM', 'ADMIN123', 'NA', 'NA', 'image/png', 'iVBORw0KGgoAAAANSUhEUgAAADwAAAA8CAYAAAA6/NlyAAAABHNCSVQICAgIfAhkiAAAAAZiS0dEAAAATQBA993kfAAABo1JREFUaIHtm2tsFFUUx3/n7pY+aOUl8hQUpCBVFEFbhbJqqUpbGxUsRkXxEcUoiYnB+CAxxoigiR/UGI0vfFVRUFK3LcWi2bZIBSoiT6uAq9CCL0BbqNCd64dpt+/tbndmFPH/ae+dc879//fOnJk5945gFzweN71JRzEZSAFGAUOBfkAcAMJR4CAG+xB2gd6GZgOFZeV20RJLo12eOoj4uDxE5yJqes8D6QAGqxEK0IFlFFYctIqiNYJz0jNA3Y3I9ZbEaw+t3wVewuuriDZUdIJNoQ8jkhEtkbCgdRGBwCKKK9b2NETPBGd5BqP0M4i6uacDRwWtX6GhbgGlVYcjdY1ccM60W0CeR+SUiH0thT6A5j68vuWReLkiGuNqz3OIegqR2Ij8bIEkIpLH2JHxVPtLw/YKy8rjiSOJFYhk9ZifndDGcrxlYSXM7gVnT+2HchWBpEVNzE5ovYbauhlUVR0PZaZCBklLiz8hxAKIZDCkd1F3ZqEFD4hdcUKIbYao6eR4Pghl0nXSyvG8gJIbLSdlN0RSGDMiju/8azo93KlTlmcuLnnDVmK2IzCLT8pXtO/tKDg7bRgSuxORREd42QWtaznYOJa1a/9s3d3xGpbYp094sQAiQ+jrfqZDd5tWzrQrEFXiGCkn0KgvpthX2dxsO8NaHnGckN1w8XDrZssMZ6dfiXKtcpyQE2g1yy0zLDLvHyNkN1wEtZkznJ02DBW3N5qY98zI5aFZLbft+oYGxt87t0exNj77MgP79Am2X/+0mMfffzMaevCHTsLnq3MDIL1mRxcN+iQkMmLgoDZ9i+bcySNvvxpRnPuyr2XSWclt+vonJUVLD3rr2cBr5imtJTf6iB2RNTnyp9K8qZdaTwRAmRoVOZMSUOKxY4yUEWeQef6ksO2Thw7vMLuWQcgEUOiEdKtjBwwDALfLxbyrwj95Flx3AwmxZgW3MRCwmJXEkzU1VaFkssWR+b52X5DwlPHnhu132bkTg793/OS3mhYoNVmhOcfquMeOH2f7Tz8AMKhvPxbmzenWZ27GVYwaPASA3ftrOHyk3mpaAOcokFFWR41xu/GuXxds56Ze0q3PzZdmImLeJUu/riLG5baaFiCjFObyh6WIcbl59J3X+PUPs4p63pmjSRs7vkv70/r05aLkcYB5/16y4j16xdghmKEK6G91VLfLrCtUbN8CQC93DPNzru3SfuHsOSTFJwCwvnoHuw/U4laRFVTDgtBf0bywZSGaBb9UXBBMXtNSzuvSPvN8M29qrXnr89WAeVlYDk1c6JpWDxHTJLhk0wa2+vcAMPzUgdyfO6uD7cxLppE8dDgAu/bXsHTNqqYYtpzSKKDB6qDNMwxQsL5lGWjWlI7PN7dPn4FS5v9e8tWGTmNYBqFBAb9bHdfV6vp7LH8pPx8yVzsvGD2G8aePbGN78bgUAP48eoTFy/OD/TFuGwRrfldAjdVxXartlVLelLzie8XywDV5wf7Ft95Fv0TzxeDLb3ew97dfgseU2HK11SjQu+2I3BovFq3keGMjAJdNaHmaypqUCpjJ6o3SYrtpAHq3Qthq9zCffbOJLX7zfz1z0BDuyMziyokXcnbT6V1ds5f8sk7LyFZjqxtDb+xm/cESrKys4ILR5pvQTZ7pHKqvCyamkq/W208AwDA2KuSIbRtIWuOJZW+z/6CZHy8cM470lAkAHK6v58kP3nGAgT5KUcWXCm/VEQztc2BEyrZtBiAxPp5TTzFLOOt2buPnw4fsH1zzKTQX8UQX2D8ivOD9mGONLauZhmHwemm3C37WwDA1NpV4ji1zYszy7VvYvGdXsL1z7498uNaRkwvqZRk0Cy6s3Ic2Vjox7kdftKSM4iqHkpXWb+Lz1cFJXYgvLC9xKnk5Cq0Lul5bEr3IcUJ2I8BTrZttBXvLVqN1Pv8VGPrl1rMLna0P678eROs6x0jZBa1rOdS4oH13R8GFlfswmO8IKTshxvz2q//Q1aaW7/xfkzxyICIX2U7MDhjGYrzlz3d2KPTGtGxPEUpm2ELKLmj9IV5fXleHQ78n/fbXTNCVIW3+TdBGaSix0J3gysqjGIGsE0K01muore92L+hJt7k0vEqZ399ItT+fsSMHgKRGRc5y6CV4y+4O1zqy0mC1v5jkEXuAjH9+z7Q+gOY2vL7nIvGKvBZa7d/MWWcsRfRgRCZE7G8FzE8Aclm1blOkrv9/5NEjnDSf8bTHSfOhVmf4l36K9zc64yDCMGOJbAAAAABJRU5ErkJggg==', 1, NULL, '2022-09-08 01:36:11', 1);

--
-- Índices para tablas volcadas
--

--
-- Indices de la tabla `alquiler`
--
ALTER TABLE `alquiler`
  ADD PRIMARY KEY (`id`),
  ADD KEY `idMaquinaria` (`idMaquinaria`),
  ADD KEY `idUsuario` (`idUsuario`),
  ADD KEY `nit` (`nit`),
  ADD KEY `idRuta` (`idRuta`);

--
-- Indices de la tabla `contratos`
--
ALTER TABLE `contratos`
  ADD PRIMARY KEY (`id`),
  ADD KEY `nit` (`nit`),
  ADD KEY `idUsuario` (`idUsuario`);

--
-- Indices de la tabla `descontables`
--
ALTER TABLE `descontables`
  ADD PRIMARY KEY (`id`),
  ADD KEY `idRegistro` (`idRegistro`),
  ADD KEY `idUsuario` (`idUsuario`);

--
-- Indices de la tabla `empresas`
--
ALTER TABLE `empresas`
  ADD PRIMARY KEY (`nit`);

--
-- Indices de la tabla `fletes`
--
ALTER TABLE `fletes`
  ADD PRIMARY KEY (`id`),
  ADD KEY `idMaquinaria` (`idMaquinaria`),
  ADD KEY `idRuta` (`idRuta`),
  ADD KEY `idUsuario` (`idUsuario`),
  ADD KEY `nit` (`nit`);

--
-- Indices de la tabla `maquinarias`
--
ALTER TABLE `maquinarias`
  ADD PRIMARY KEY (`id`),
  ADD KEY `nit` (`nit`),
  ADD KEY `idUsuario` (`idUsuario`),
  ADD KEY `idTpMaquinaria` (`idTpMaquinaria`);

--
-- Indices de la tabla `materiales`
--
ALTER TABLE `materiales`
  ADD PRIMARY KEY (`id`),
  ADD KEY `nit` (`nit`);

--
-- Indices de la tabla `modulo`
--
ALTER TABLE `modulo`
  ADD PRIMARY KEY (`id`);

--
-- Indices de la tabla `movimientos`
--
ALTER TABLE `movimientos`
  ADD PRIMARY KEY (`id`),
  ADD KEY `idMaquinaria` (`idMaquinaria`),
  ADD KEY `idUsuario` (`idUsuario`),
  ADD KEY `idRuta` (`idRuta`),
  ADD KEY `nit` (`nit`);

--
-- Indices de la tabla `permisos`
--
ALTER TABLE `permisos`
  ADD PRIMARY KEY (`id`),
  ADD KEY `permisos_ibfk_1` (`rolid`),
  ADD KEY `permisos_ibfk_2` (`moduloid`);

--
-- Indices de la tabla `registros_alquiler`
--
ALTER TABLE `registros_alquiler`
  ADD PRIMARY KEY (`id`),
  ADD KEY `idRuta` (`idRuta`),
  ADD KEY `idMaterial` (`idMaterial`),
  ADD KEY `idUsuario` (`idUsuario`),
  ADD KEY `nit` (`nit`),
  ADD KEY `idMaquinaria` (`idMaquinaria`);

--
-- Indices de la tabla `registros_fletes`
--
ALTER TABLE `registros_fletes`
  ADD PRIMARY KEY (`id`),
  ADD KEY `idRuta` (`idRuta`),
  ADD KEY `idMaterial` (`idMaterial`),
  ADD KEY `idUsuario` (`idUsuario`),
  ADD KEY `nit` (`nit`),
  ADD KEY `idMaquinaria` (`idMaquinaria`);

--
-- Indices de la tabla `registros_movimientos`
--
ALTER TABLE `registros_movimientos`
  ADD PRIMARY KEY (`id`),
  ADD KEY `idRuta` (`idRuta`),
  ADD KEY `idMaterial` (`idMaterial`),
  ADD KEY `idUsuario` (`idUsuario`),
  ADD KEY `nit` (`nit`),
  ADD KEY `idMaquinaria` (`idMaquinaria`);

--
-- Indices de la tabla `rol`
--
ALTER TABLE `rol`
  ADD PRIMARY KEY (`id`);

--
-- Indices de la tabla `rutas`
--
ALTER TABLE `rutas`
  ADD PRIMARY KEY (`id`),
  ADD KEY `idUsuario` (`idUsuario`),
  ADD KEY `nit` (`nit`);

--
-- Indices de la tabla `rutas_contratos`
--
ALTER TABLE `rutas_contratos`
  ADD PRIMARY KEY (`id`),
  ADD KEY `idRuta` (`idRuta`),
  ADD KEY `idContrato` (`idContrato`);

--
-- Indices de la tabla `status`
--
ALTER TABLE `status`
  ADD PRIMARY KEY (`id`);

--
-- Indices de la tabla `sucursal`
--
ALTER TABLE `sucursal`
  ADD PRIMARY KEY (`id`),
  ADD KEY `nit` (`nit`);

--
-- Indices de la tabla `tipo_maquinaria`
--
ALTER TABLE `tipo_maquinaria`
  ADD PRIMARY KEY (`id`);

--
-- Indices de la tabla `usuarios`
--
ALTER TABLE `usuarios`
  ADD PRIMARY KEY (`id`),
  ADD KEY `persona_ibfk_1` (`rolid`),
  ADD KEY `nit` (`nit`),
  ADD KEY `sucursalid` (`sucursalid`);

--
-- AUTO_INCREMENT de las tablas volcadas
--

--
-- AUTO_INCREMENT de la tabla `alquiler`
--
ALTER TABLE `alquiler`
  MODIFY `id` bigint(20) NOT NULL AUTO_INCREMENT;

--
-- AUTO_INCREMENT de la tabla `contratos`
--
ALTER TABLE `contratos`
  MODIFY `id` bigint(20) NOT NULL AUTO_INCREMENT, AUTO_INCREMENT=4;

--
-- AUTO_INCREMENT de la tabla `descontables`
--
ALTER TABLE `descontables`
  MODIFY `id` int(11) NOT NULL AUTO_INCREMENT;

--
-- AUTO_INCREMENT de la tabla `fletes`
--
ALTER TABLE `fletes`
  MODIFY `id` bigint(20) NOT NULL AUTO_INCREMENT;

--
-- AUTO_INCREMENT de la tabla `maquinarias`
--
ALTER TABLE `maquinarias`
  MODIFY `id` bigint(20) NOT NULL AUTO_INCREMENT, AUTO_INCREMENT=38;

--
-- AUTO_INCREMENT de la tabla `materiales`
--
ALTER TABLE `materiales`
  MODIFY `id` bigint(20) NOT NULL AUTO_INCREMENT;

--
-- AUTO_INCREMENT de la tabla `modulo`
--
ALTER TABLE `modulo`
  MODIFY `id` bigint(20) NOT NULL AUTO_INCREMENT, AUTO_INCREMENT=35;

--
-- AUTO_INCREMENT de la tabla `movimientos`
--
ALTER TABLE `movimientos`
  MODIFY `id` bigint(20) NOT NULL AUTO_INCREMENT;

--
-- AUTO_INCREMENT de la tabla `permisos`
--
ALTER TABLE `permisos`
  MODIFY `id` bigint(20) NOT NULL AUTO_INCREMENT, AUTO_INCREMENT=93;

--
-- AUTO_INCREMENT de la tabla `registros_alquiler`
--
ALTER TABLE `registros_alquiler`
  MODIFY `id` bigint(20) NOT NULL AUTO_INCREMENT, AUTO_INCREMENT=3;

--
-- AUTO_INCREMENT de la tabla `registros_fletes`
--
ALTER TABLE `registros_fletes`
  MODIFY `id` bigint(20) NOT NULL AUTO_INCREMENT, AUTO_INCREMENT=3;

--
-- AUTO_INCREMENT de la tabla `registros_movimientos`
--
ALTER TABLE `registros_movimientos`
  MODIFY `id` bigint(20) NOT NULL AUTO_INCREMENT, AUTO_INCREMENT=3;

--
-- AUTO_INCREMENT de la tabla `rol`
--
ALTER TABLE `rol`
  MODIFY `id` bigint(20) NOT NULL AUTO_INCREMENT, AUTO_INCREMENT=5;

--
-- AUTO_INCREMENT de la tabla `rutas`
--
ALTER TABLE `rutas`
  MODIFY `id` bigint(20) NOT NULL AUTO_INCREMENT, AUTO_INCREMENT=6;

--
-- AUTO_INCREMENT de la tabla `rutas_contratos`
--
ALTER TABLE `rutas_contratos`
  MODIFY `id` bigint(20) NOT NULL AUTO_INCREMENT;

--
-- AUTO_INCREMENT de la tabla `status`
--
ALTER TABLE `status`
  MODIFY `id` bigint(11) NOT NULL AUTO_INCREMENT, AUTO_INCREMENT=9;

--
-- AUTO_INCREMENT de la tabla `sucursal`
--
ALTER TABLE `sucursal`
  MODIFY `id` bigint(20) NOT NULL AUTO_INCREMENT, AUTO_INCREMENT=2;

--
-- AUTO_INCREMENT de la tabla `tipo_maquinaria`
--
ALTER TABLE `tipo_maquinaria`
  MODIFY `id` bigint(20) NOT NULL AUTO_INCREMENT, AUTO_INCREMENT=4;

--
-- AUTO_INCREMENT de la tabla `usuarios`
--
ALTER TABLE `usuarios`
  MODIFY `id` bigint(20) NOT NULL AUTO_INCREMENT, AUTO_INCREMENT=6;

--
-- Restricciones para tablas volcadas
--

--
-- Filtros para la tabla `alquiler`
--
ALTER TABLE `alquiler`
  ADD CONSTRAINT `alquiler_ibfk_1` FOREIGN KEY (`idUsuario`) REFERENCES `usuarios` (`id`) ON DELETE NO ACTION ON UPDATE CASCADE,
  ADD CONSTRAINT `alquiler_ibfk_2` FOREIGN KEY (`idMaquinaria`) REFERENCES `maquinarias` (`id`) ON DELETE NO ACTION ON UPDATE CASCADE,
  ADD CONSTRAINT `alquiler_ibfk_3` FOREIGN KEY (`idRuta`) REFERENCES `rutas` (`id`) ON DELETE NO ACTION ON UPDATE CASCADE,
  ADD CONSTRAINT `alquiler_ibfk_4` FOREIGN KEY (`nit`) REFERENCES `empresas` (`nit`) ON DELETE NO ACTION ON UPDATE CASCADE;

--
-- Filtros para la tabla `contratos`
--
ALTER TABLE `contratos`
  ADD CONSTRAINT `contratos_ibfk_1` FOREIGN KEY (`nit`) REFERENCES `empresas` (`nit`) ON DELETE NO ACTION ON UPDATE CASCADE,
  ADD CONSTRAINT `contratos_ibfk_2` FOREIGN KEY (`idUsuario`) REFERENCES `usuarios` (`id`) ON DELETE NO ACTION ON UPDATE CASCADE;

--
-- Filtros para la tabla `descontables`
--
ALTER TABLE `descontables`
  ADD CONSTRAINT `descontables_ibfk_2` FOREIGN KEY (`idUsuario`) REFERENCES `usuarios` (`id`) ON DELETE NO ACTION ON UPDATE CASCADE;

--
-- Filtros para la tabla `fletes`
--
ALTER TABLE `fletes`
  ADD CONSTRAINT `fletes_ibfk_1` FOREIGN KEY (`idUsuario`) REFERENCES `usuarios` (`id`) ON DELETE NO ACTION ON UPDATE CASCADE,
  ADD CONSTRAINT `fletes_ibfk_2` FOREIGN KEY (`idMaquinaria`) REFERENCES `maquinarias` (`id`) ON DELETE NO ACTION ON UPDATE CASCADE,
  ADD CONSTRAINT `fletes_ibfk_4` FOREIGN KEY (`idRuta`) REFERENCES `rutas` (`id`) ON DELETE NO ACTION ON UPDATE CASCADE,
  ADD CONSTRAINT `fletes_ibfk_5` FOREIGN KEY (`nit`) REFERENCES `empresas` (`nit`) ON DELETE NO ACTION ON UPDATE CASCADE;

--
-- Filtros para la tabla `maquinarias`
--
ALTER TABLE `maquinarias`
  ADD CONSTRAINT `maquinarias_ibfk_2` FOREIGN KEY (`idUsuario`) REFERENCES `usuarios` (`id`) ON DELETE NO ACTION ON UPDATE CASCADE,
  ADD CONSTRAINT `maquinarias_ibfk_3` FOREIGN KEY (`idTpMaquinaria`) REFERENCES `tipo_maquinaria` (`id`) ON DELETE NO ACTION ON UPDATE CASCADE,
  ADD CONSTRAINT `maquinarias_ibfk_4` FOREIGN KEY (`nit`) REFERENCES `empresas` (`nit`) ON DELETE NO ACTION ON UPDATE CASCADE;

--
-- Filtros para la tabla `materiales`
--
ALTER TABLE `materiales`
  ADD CONSTRAINT `materiales_ibfk_1` FOREIGN KEY (`nit`) REFERENCES `empresas` (`nit`) ON DELETE NO ACTION ON UPDATE CASCADE;

--
-- Filtros para la tabla `movimientos`
--
ALTER TABLE `movimientos`
  ADD CONSTRAINT `movimientos_ibfk_1` FOREIGN KEY (`idUsuario`) REFERENCES `usuarios` (`id`) ON DELETE NO ACTION ON UPDATE CASCADE,
  ADD CONSTRAINT `movimientos_ibfk_2` FOREIGN KEY (`idMaquinaria`) REFERENCES `maquinarias` (`id`) ON DELETE NO ACTION ON UPDATE CASCADE,
  ADD CONSTRAINT `movimientos_ibfk_4` FOREIGN KEY (`idRuta`) REFERENCES `rutas` (`id`) ON DELETE NO ACTION ON UPDATE CASCADE,
  ADD CONSTRAINT `movimientos_ibfk_5` FOREIGN KEY (`nit`) REFERENCES `empresas` (`nit`) ON DELETE NO ACTION ON UPDATE CASCADE;

--
-- Filtros para la tabla `permisos`
--
ALTER TABLE `permisos`
  ADD CONSTRAINT `permisos_ibfk_1` FOREIGN KEY (`rolid`) REFERENCES `rol` (`id`),
  ADD CONSTRAINT `permisos_ibfk_2` FOREIGN KEY (`moduloid`) REFERENCES `modulo` (`id`);

--
-- Filtros para la tabla `registros_alquiler`
--
ALTER TABLE `registros_alquiler`
  ADD CONSTRAINT `registros_alquiler_ibfk_1` FOREIGN KEY (`nit`) REFERENCES `empresas` (`nit`) ON DELETE NO ACTION ON UPDATE CASCADE,
  ADD CONSTRAINT `registros_alquiler_ibfk_2` FOREIGN KEY (`idUsuario`) REFERENCES `usuarios` (`id`) ON DELETE NO ACTION ON UPDATE CASCADE;

--
-- Filtros para la tabla `registros_fletes`
--
ALTER TABLE `registros_fletes`
  ADD CONSTRAINT `registros_fletes_ibfk_1` FOREIGN KEY (`nit`) REFERENCES `empresas` (`nit`) ON DELETE NO ACTION ON UPDATE CASCADE,
  ADD CONSTRAINT `registros_fletes_ibfk_2` FOREIGN KEY (`idUsuario`) REFERENCES `usuarios` (`id`) ON DELETE NO ACTION ON UPDATE CASCADE;

--
-- Filtros para la tabla `registros_movimientos`
--
ALTER TABLE `registros_movimientos`
  ADD CONSTRAINT `registros_movimientos_ibfk_1` FOREIGN KEY (`nit`) REFERENCES `empresas` (`nit`) ON DELETE NO ACTION ON UPDATE CASCADE,
  ADD CONSTRAINT `registros_movimientos_ibfk_2` FOREIGN KEY (`idUsuario`) REFERENCES `usuarios` (`id`) ON DELETE NO ACTION ON UPDATE CASCADE;

--
-- Filtros para la tabla `rutas`
--
ALTER TABLE `rutas`
  ADD CONSTRAINT `rutas_ibfk_1` FOREIGN KEY (`nit`) REFERENCES `empresas` (`nit`) ON DELETE NO ACTION ON UPDATE CASCADE,
  ADD CONSTRAINT `rutas_ibfk_2` FOREIGN KEY (`idUsuario`) REFERENCES `usuarios` (`id`) ON DELETE NO ACTION ON UPDATE CASCADE;

--
-- Filtros para la tabla `rutas_contratos`
--
ALTER TABLE `rutas_contratos`
  ADD CONSTRAINT `rutas_contratos_ibfk_1` FOREIGN KEY (`idRuta`) REFERENCES `rutas` (`id`) ON DELETE NO ACTION ON UPDATE CASCADE,
  ADD CONSTRAINT `rutas_contratos_ibfk_2` FOREIGN KEY (`idContrato`) REFERENCES `contratos` (`id`) ON DELETE NO ACTION ON UPDATE CASCADE;

--
-- Filtros para la tabla `sucursal`
--
ALTER TABLE `sucursal`
  ADD CONSTRAINT `sucursal_ibfk_1` FOREIGN KEY (`nit`) REFERENCES `empresas` (`nit`) ON DELETE NO ACTION ON UPDATE CASCADE;

--
-- Filtros para la tabla `usuarios`
--
ALTER TABLE `usuarios`
  ADD CONSTRAINT `usuarios_ibfk_1` FOREIGN KEY (`rolid`) REFERENCES `rol` (`id`),
  ADD CONSTRAINT `usuarios_ibfk_3` FOREIGN KEY (`sucursalid`) REFERENCES `sucursal` (`id`) ON DELETE SET NULL ON UPDATE CASCADE,
  ADD CONSTRAINT `usuarios_ibfk_4` FOREIGN KEY (`nit`) REFERENCES `empresas` (`nit`) ON DELETE SET NULL ON UPDATE CASCADE;
COMMIT;

/*!40101 SET CHARACTER_SET_CLIENT=@OLD_CHARACTER_SET_CLIENT */;
/*!40101 SET CHARACTER_SET_RESULTS=@OLD_CHARACTER_SET_RESULTS */;
/*!40101 SET COLLATION_CONNECTION=@OLD_COLLATION_CONNECTION */;
