-- phpMyAdmin SQL Dump
-- version 5.2.0
-- https://www.phpmyadmin.net/
--
-- Servidor: 127.0.0.1
-- Tiempo de generación: 01-11-2022 a las 19:10:18
-- Versión del servidor: 10.4.25-MariaDB
-- Versión de PHP: 8.1.10

SET SQL_MODE = "NO_AUTO_VALUE_ON_ZERO";
START TRANSACTION;
SET time_zone = "+00:00";


/*!40101 SET @OLD_CHARACTER_SET_CLIENT=@@CHARACTER_SET_CLIENT */;
/*!40101 SET @OLD_CHARACTER_SET_RESULTS=@@CHARACTER_SET_RESULTS */;
/*!40101 SET @OLD_COLLATION_CONNECTION=@@COLLATION_CONNECTION */;
/*!40101 SET NAMES utf8mb4 */;

--
-- Base de datos: `volapp`
--

-- --------------------------------------------------------

--
-- Estructura de tabla para la tabla `contratos`
--

CREATE TABLE `contratos` (
  `id` bigint(20) NOT NULL,
  `nombre` varchar(50) COLLATE utf8mb4_spanish_ci DEFAULT NULL,
  `descripcion` text COLLATE utf8mb4_spanish_ci DEFAULT NULL,
  `representante` varchar(70) COLLATE utf8mb4_spanish_ci DEFAULT NULL,
  `telefono` bigint(20) DEFAULT NULL,
  `email` varchar(100) COLLATE utf8mb4_spanish_ci DEFAULT NULL,
  `status` int(11) DEFAULT 1
) ENGINE=InnoDB DEFAULT CHARSET=utf8mb4 COLLATE=utf8mb4_spanish_ci;

-- --------------------------------------------------------

--
-- Estructura de tabla para la tabla `empresas`
--

CREATE TABLE `empresas` (
  `nit` bigint(20) NOT NULL,
  `digito` int(11) NOT NULL,
  `nombre` varchar(55) CHARACTER SET utf8 COLLATE utf8_spanish_ci NOT NULL,
  `representante` varchar(70) CHARACTER SET utf8 COLLATE utf8_spanish_ci NOT NULL,
  `telefono` bigint(10) NOT NULL,
  `direccion` varchar(100) CHARACTER SET utf8 COLLATE utf8_spanish_ci NOT NULL,
  `correo` varchar(100) CHARACTER SET utf8 COLLATE utf8_spanish_ci NOT NULL,
  `pais` varchar(45) CHARACTER SET utf8 COLLATE utf8_spanish_ci NOT NULL,
  `ciudad` varchar(110) CHARACTER SET utf8 COLLATE utf8_spanish_ci NOT NULL,
  `contacto` bigint(10) NOT NULL,
  `email_tec` varchar(100) CHARACTER SET utf8 COLLATE utf8_spanish_ci NOT NULL,
  `email_logis` varchar(100) CHARACTER SET utf8 COLLATE utf8_spanish_ci NOT NULL,
  `content_type` text CHARACTER SET utf8 COLLATE utf8_spanish_ci NOT NULL,
  `base_64` longtext CHARACTER SET utf8 COLLATE utf8_spanish_ci NOT NULL,
  `status` int(11) NOT NULL DEFAULT 1
) ENGINE=InnoDB DEFAULT CHARSET=utf8mb4 COLLATE=utf8mb4_spanish_ci;

--
-- Volcado de datos para la tabla `empresas`
--

INSERT INTO `empresas` (`nit`, `digito`, `nombre`, `representante`, `telefono`, `direccion`, `correo`, `pais`, `ciudad`, `contacto`, `email_tec`, `email_logis`, `content_type`, `base_64`, `status`) VALUES
(24234245, 5, 'RVO IPS SAS', 'JAIME OVIEDO', 3345345344, 'CALLE 49', 'ROOSPINA@GMAIL.COM', '', '', 343653464, 'ROOSPINA@GMAIL.COM', 'ROOSPINA@GMAIL.COM', 'image/png', 'iVBORw0KGgoAAAANSUhEUgAAAGQAAABkCAYAAABw4pVUAAAAAXNSR0IArs4c6QAAAARnQU1BAACxjwv8YQUAAAAJcEhZcwAADsMAAA7DAcdvqGQAABP2SURBVHhe7V0JdFRVmv5rT1VCQgIkTQDZBMSwCM0WGxlFupWlFVllVFwamFac1umZ0dMOx4NzeqZnzhw7ts304MJBGhlaaQSdtE535IAcRrRpQQRkC4ZNSAKEhGyVWuf77n0JWSpbVZJKSH3h595336v37v2/+/93ee/dZ5JOimAwyLwlQpIRH4FwJGQoZKDJZEpHWm/uQ5zH1ADpxQgolyAXIWcgJ3HcUew7ifhVxEshQcQ7HToVIVBYHORWRO+C3AcZDEmD8uwIIwbOXYUgH3IK8gFkJ859DOJBvFMg6oRASWbIJEQfhiyEpEBBVu5rb+C6XgSXIe9ANuK6ByBRtZyoEGKQMADRRZDlUMIwtSPKQJ4OI1gH2Yo8nY82OR2CQCAwAfIepBQK6KwoRv42QcYY2b7xwMJBPoJ4jEJ3eiCvVZBtkOFGMbo+UJgBkNcgXYaI+kDe3ZA1kP5GsboekPl4yD9BioxydXmgLJcgT0McRjHbHO3SqCPDNPHNkHFoGDtV1zpSkBcE+yFLzGZzrkpsQ5iNsE2AzNpAxo8RPQwext9oZBAokhkyAdEvUdYlKHObdtHbTGHIGEfUryM6j5nWqTc2UF4fgndQ3pWQEp0aGdqEENQUTmlsR6ZG6ZTuBRCzD8E8uLDzOiV8REwIMjMVQjJ6GUndEtAByZgDUg7qlPAQkWuBZcxEkN3dySCgA3aJd0Ind+uU8BA2IagRcxFshSSphBhISjKC96CbGTql9QjLZRmWwfkep06JoTZACKf/Z8J9faZTWo5WE4KLTUWQDYlZRhOAnooQ3AtS2OC3GK0ixOhNfR5rM1oGkHIBusqEnDWSmkWL2xCcnP6x2/emWgPoinc2N0JcRlKzaBEhOKEN8jou0C3HGZEAOpsG3f0K0iJv1FJCfoRgnt6KIQw8Dh0+ZsSbRLOsod3gRCHnpmw6JYZwAELKoMOxkG+MpJBo0kJARjyCzTEyIgd0mABS1kKafGCjOZf1LGScjsbQBpgOQh414iHRqMuCdfAhhINglr2rGNoIIKQAOr0FwsFjAzRlIatiZLQ9oNM0kPJzY7MBQloIrINPW/wFP461He0AEFKJYCJG8Ud0ynU0ZiH/HiOj/QDdcg7wZ3qrLhpYCKyDtyc/jRHSvoCVXIOO+cxBnW5wHQvBQdx+IUZG+wM6ToS+n4fUMYo6G7COgQg4CEzQKTG0J0AGn8QfDKm5H1+/DVkUI6PjAF3zwZA6Uyo1FkJ3BeGj+Z3iwefuAkPnGRA+73XdQrBjUoyMqGA4dP9dI17HZfH9jBg6GDACcrBAbxkuCwzxzaUz2JmqUmPoUED3R6B7doG9ykKQwNfIUhiPISpg77YfI9Uu6y6w0yGvkcXQENA9p+ZvV3FEKLuQOE3tjQBFlX7JveoRX8AvQa9HTB43rA+dh2AQF1IXM+IQadnbYn1Sesjg9F7MtJESHnhpD/JU5eZ7nxECWXHGxYnN1nbjZ3DwrtlsXkwykiCHUGBOt4eNY0VVsuyPBXKmyC1+n0fclWVivpwvwSKI3yfi94sJoQWhWYU+tW0GYaaAQU4Incc7HfL8Y/fII7MniTlMUoquXpXNW7dL9p92yNWrIWe9WwRWCofDLnabVVJ795Knlj0umRMnRFxZCHDwNc5zGwkZBDmOjbBfPS71BGTOtvNy4kqVUnLQ5xW3u0Ks5cViuVIIgrwSDPgkQMsBISQHiSDGLxakW3wkB0Rhv0m9flEXcXEO+a+fLZYZk/iqeutw7GSu/O1zqyTv7DkW2khtPTQZNrFarWIzm8RiNovL5ZSfr3pBvjeFLxFHBuSNM8B9OBgcEQkZLOKGIyVyosir/UI9BPHH+mONixebI16sznixUFwJEoR4nQnijk+UqvgeUoVtT5xL/Da7BM0WCRo1zw03s3rth3KluFxttxSFly/L0yDjmzNnIyKDIAH1Tdjtdsu//jJLCgoLjZTwAQ44A5zBq7S+2tWCxx+ULScrxGY1ix21R4sF/hU1iXH4Wau7VGx2+FyHS+wQG5RugVgpIMTidIGcePGREFcPcVNAkAck+vC7gMUqZwqK5I3te4yrNg8/LO4/Xl0reSCjtaDaKTAE5SbNGCrQQij477rgKLrANza8HTHhBr5rCgQCv8aFnjYSWg1m43SJV4rccEMqT/gPmcN54YLQdtBdoTF99dNvJedoIdoL7ZpwAMSv3JgfElQSUC4tgN8xpKh2xnBv/Xq6ZEfWcumVyGcvmsbJU3ky95EfqVrcFKhWFapI9RZAnePPFe+SqZMnonLZxIxKR0ux4GAz2OIf/7mcTnnmyRUS72rx83AhAVLXkJAPQMgPjbR2w5/PFsuCDQfFU1mp2wko3xSEwg1iGDqtrIVBKSl3K6LYGSBRAZ9ud/i71Uumyk/m8JZN4/DjXC/928uy6ffbjBQNrXOlRqVQM9yiH+0XJ8CrlauhI/x/3pyZ8s8v/KNYLBbkSbdvjNNaaIUUtivoIal9kQCE/I9l9erVf494uk5qP3wn0SGfnC+V3GseCXC2wELB0AcFCSKk3D2qn2QtmSjvHywQdrzMSDNZUDOhAB23yIVrblmUOUwcNotx5oa4mF8gv/jlr2EdIJ8EVNdohIoQxB+AoqfdPkX2H9J3UdVxNX+4NoSN9sonlsrbG3+r9q9Zs0ZycnLk+PHjMnjwYHnllVdk3bp1cu7cORk7dmzE3WBco4yNOlfVaXfQzJ+9fYB47U6pQKNdZnNIhdUuboRebAcQ7jlXJkkuh8ydNESCaGssdrQxOL52u3Ma3evdx7jIT+P46OOdUlRSjAJCrSSCtZdxoy1ITuopz/zNMjmVdxq1Eq6VPyILii8eD0GFmTh+nPRN6yN79+5VSj906JDceeedkp2dLVlZWbJjxw6ZPXu2spi2GJOQC3NpaWmHPVnyV4OS5Pb+iWj07ajxNvHAL1ciXk4BKZf8ZvnPz7+VpZkDJS4hQfwOhwQcaNQhJodTrBALiHtt1ymp8sKNhcC10lL5b7gq1nMqFxRU6xrb5Mcks38wXcrLy2Xvvv2aNCifLoeiyMAxDlzzSVhHbVRVVcmJEyeUm5o8ebKMHDlS1q9fLwUFBeKD64sU5MKcCBjb7Q5ayd9N7ivxdgfaC6u4QIgdYoH4IG7UtN8eLYaV2OX2EamwnjjxgQA/e1r4DYnxQw7kl8neb64YZ60LDv4uXOQKTED9Wg/lJyUlyqNLFsnGd7dKZZVbkVRNmfpDAkmbOG6MjM243gFlL4r7aAmrVq0Sr9crAwYMkFmzZsnu3bvR27pqHBk+yIWy1o7EtIGJMjTFKTa0CQ6IExIHcUHssJpyDDLf2F8gT0zqJ3748FJYTrVr80Do2vzYfnV3nvjrdTUr0GFYt3GzJkHV9mrRSqZCp2VOVuH/7tilaUAcu3EMNujVELdjNP7EQ4uVxbjQc8rIyJD09HTJzMyUFStWyPTp01WbwR7c4cOHZeXKlZKWlqbyECk4Uq9bqg7Amwcuy4uf6CkVVfM4fERICUCcdovclOKSI/klGOf4xad6ZOjhYJ8VoRWhHYr74LHxMmVgT+OssI4/fizPv/QvRm9I13sFI+J0xsm6X70sOTs/kbfe2aLOx321jgRMMvrWW2T9miyJg8vsaHS4hRAP3NJTUnugtqMGokVEiG4kBXErxAt3nFtYJjaTRVlQvOHaOBbwWexShfCa2SZZf/62xko4mn9r8xZFqhrMVdd4o9bTCiaMHSMpyT0lO2eHKjhdGP9oJdpS4JLgSh9eND8qZBDsZYU/2xYmejmt8sioJLQdduSALgWksBusQnRnFUFW3XtBaEfohDuja4vn6B9xO+JHrngw5tDnPHT0mJw4lauUr2s9SdCKpljg+x9aOE9ydu2W4pISgwAeS/vQZDCe3jdNZkzja5QdD3LBitLhhBBLR6dIstOiR77QjMWEcQaJgFUErRCQoOazQIAJyudYRE3sQeLtdhnWJ1Gey+yvJvpoFZu2bFUh2wzdW6qu+Xp7NHpEGbeMkG3ZHxmuSh+jB4iaNFrn0sUL0cOKjnUAihCu3tnh6OOyyoMjkxQB0DiUQ8XoqQk9d4QeEXpbs4cnizPOocjRrs0qY78TL+t/OFgeGt0bxwnGE2fkk08/0zWd/ysitOC0isRHFy+QPZ/vkwv5+TXpNBAVGsf2TUuV+2feozMYHVwiIU2PstoRS0dB2WjAoQ2lEB3qmk1ybOhRvTg1TX4wFMSh9pI8tjsHr/hl/vaz8tAH5+Tdr4tk7YZNEuDUij6F/r0hjA+66SaZPGG8/O69bdqKau0ngSTFiv+WzH9ATfVHERdJCNe1jQr6J9pkxqB4CUAxfojqbyFU7gRhcaVX3jpULI+P7imuuDjDvZmVUkurfLLrzDX5ycf5skXGwwwweMRv9HhDk0Khm1v8wH2yb/8ByT2Vp5RfQwaPQQLDXr1SMGCMaFWMtsBpEsLFhaMCC5SzYmyyxKHNgGoUGSQngHSGVPy2UxWSCvc2sa8TytOuTLk2hiQOx1T1GiiVN9+BbSgb5+EAFP/U+dMxPrhjyiTZvOU9tB0BgwjFuRJNilnm3PN96ZkU9bUQDiM/pqPGRlQwuo9DJqXDTVAx2GYNUeRASEphhU8+zCuXFaMTxcxeGTXNY0kGQkUOfuMelKmsRCkYf0rxStEz5Mz5c3I096Q6vkZq/kQSnE6ZO2umSo8mcP397PaehLTBnf/wQN/91G0pYMJ83XVpnStyOE3/u+NlMjo1Tkb2tuMYuCyoUbs2KJTC3/ZIFW/6KP07ww2xxs/8/t2ydXu2+DxepXxFOPYpwtRvTXIXurn9+7X7hHeTAAcVCI4yf5yEMSZ/ooPv9XPK+FQ2plQZMocQY/Macs6UeGX3uUr58ZhEjE2stVybFk2QWcqHTYeC6f6geKTPmjFdTad8cfBgjfJ1m6EJp3AA+MiDXFA76uDy5x7k01RqbEQNtJKnxyWrmlsfVDanT17/ulzuuilehifbtRVgH9Rb49rY7riTB4ovdbiu/Thn7uk8+cXLWVIJUshSw7OLuicycEBED9y0FfgaiI+EcO6BC9NHFbSSm5Mbv6dwqLBCPrtYKQ9n9EBrbW3g2hQ5sJLikbOwpefFvjhwUI6fbHzhUAcGmEsWzA9ZEaKA9/mfctPAThSAC9NHDQl2sywfk6Qa4lDgOOM3X5XJvegmpyfohyzruzbWrapeg8XT+2a1vznwBtSwoUOMregBuufnM/YyrkqPjWMI+JWAqIF19L6hCdK/R+NPtO7Pr5DPz1+TQYVf4Ad1ibtODq3kXhbK2BMavK/x1wsXqHFKJwDfM7zASDUh/H4GP9kQVfR0WOS5CSlq3ioUfLCS1Tvy5MLOd8Ve1tiMT1Aq+gwXdxqfH28cUzMny5hRTR/TgfgDOFC3HGtXs41GGFXMHZYgD47ogUoS2nUVmBLl6pBp0ueLjWLxhn7Eh23J5dsWScAV+u40p1J+uvJJNZscbcBdoU9i2mJsKk+hgB28WfUVdkZ9TawKb1Be2HNJfn+iVHzG9HptsG+VlPd/4rx0Ui6NmSf+uETlsuoAm46yy9LnLxvEduU0EoKq9mXcOlJefO4foj7uqAZ0zuVL+G6IurFTpxSBQOBZ7MgyNqMKP7J3+JJbcs5WSJVP34SqA+TcVlkiruKz4k7sL1WhrAHH8MG8+CvfiP3KKRk+aIBMnTI5mtPrDQBCVqIj8xtjswEhA0DIIURjC1x2AEAGG8KbQcg1nVK3DWHjfh4H/cHYjKH9sak2GUQdCyFgJVx4Zh/ICfuJ+BhahBJU/lEgpM568Q26MjjgKwQf6q0Y2gsgY2t9MogGFkLASrjOIntcnaf1u4EAMviiy1gQ0mAOMWRnHweeQPCm3oqhHfBGKDKIkBZCwEq42j8/tNghD2N3F8A6voVOR0Fat8Sf4d9ewglCDM1iCAfQJadHftoYGUSjFkLAStiG7MEJmn5DJoYWAYR8BF3eB2n0UfkmCSFACueyv8RJmn+PLIZGATL4tYTx8DxNPuXTqMuqBk7AOzzLDXOLIQxAd7zXtKw5MohmCSFgHZyNjPr0fBfGWuhwuxFvEs26rGqAZa74kIMTTzSSYmgBoLM/QWf3Q5p+HdhAiwkhjK7wXpy8634TtgMBMnKhqzsgLX6qp0UuqxpGV3gOLhT5+1s3OKAj3hKf0xoyiFYRQoAUfqdvIS5YZ5YyhuuAbrjWxj3Q1XGd0nK0mhACF9oB5ufjwlF5t6QzwyBjLnTEDxi3Gq1qQ+oDbcoUBLxBH1uNDjDcFC0jLDKIsCykGrgwv9N3LzKiHmHpzoAOOF6bGgkZRESEEMgAb2ZlIkO7jaRuB5SdXds7oItWtxn1ETEhBDJzFjITGXsTEnqJhRsQKKsXwtWUOM5okwfWI2pD6gOZ46NEXDr7VWTwhl6yHOXk3NQylJPfdgzxWEx4aFNCqoHMDoGsRXQ6Mhv9p9HaECgX5/RyIE/CRUXtdcBWAxm3oxe2HJKP+A0BlOU8ZBGiXXdJXWQ+GYVYA6lQpeqCQN7LIFmIXl/Ho6sDBcqAvA3h4y9dBcXI7zoIP8p8YwKFHIICvgYp0mXufEDeCiFZkO4xiYoyszeWhAI/AzkK8StNRBHMA+RLyFOQDltDrD7apZfVGkAXfBOY38/gJxtmQwZ2VJcZ1+X7lXmQbFyTN+H4JHqbdWHDQdQJqQ0oiC8Z9kPIhenvh/DVCH6jiYsMRwycl68e83mow5D3cV6+RsaP0Hea29OdipD6IEEQPmOcAaEV8ZUnWhA/HM/nxZIRr+NekM4ZaAqfLOc6Lnw5hG+4co6JiyR4OhMBdSHy/5PyptGzOt8/AAAAAElFTkSuQmCCjRpa/PtBjPh4MwocJnksjReSVZ7cMBw+7LzR1FhWb6XHFtrvpFPIkK4WK+olCzx1c1dceHID7DlaiPveXId1u3NBtmLNuaSfhpEyWdqtbIN6xgO792OlRJW7ChYMOr8NHu7TE+kpMjQz7LJm/a8YPmYijh4/5h3S5807Xcn39LwavHTTjcMne19xKR4ZMwoZabWw+MNlmLvwGRQUFnoR1HPQnmRlIvorbIO3adUSC2ZORZLFhAkTJuCPP/6QBL3vvvuwYsUKfPrpp5KYxocmE5LV7EaNGmHq1KmoVasWxo4di+zsbFmPC5OYvxh3brNPnz5h4xnlBl5igiZsmpMjRTbc8f4/+CK7GA4pRQWSJDlIV/0ELNLBo9mkZp2UmkTVIpqMkyxMqN4dGmLRbV2lu//Nn3Zh7Ed/wcHEN4LsdQ+wQVLNiytlgL5VY0hSPZqJCPVrWfHWfZfi9NbhO0mKSkrwxLMv4uW3FvvYntp2hjeRKpZ7/Ne0tDQ8NWcazu7RHfn5BRhw3/3Y9Nc/rrYrJqP2V18pzQ4jk9mC63tfgWnjHsT27dsxffp0KTVZ+g0ZMkSSc/ny5VKCssRs3bq1JPD69etRUlIiiccqLRO5tLQUnTt3xjnnnCNV3U2bNklp+vTTT6NVq1ZR5lfYzS9hgib0LWavbNiPMV/swDG7CbCXyOM8fLyNCcnk4581tVbAqp298iCvRlJJXksymqY48FLfrujcrA62HcrD4MUbsGl/obRFta0Ud1CE3PuUHl3DBjWOdjnkFo6UDPJAchLGX9MBgy/ugKQwT7r8s3krho+biO27dnkduqnIXiyPpiyJel/RC+NGDkNWVm2888EyzFr4JAqLS/xIT70Hr8Y8fvD4lvcoGzWshxkTx+PMbl2wY8cOTJs2rQxBP/74Y2RmZmL+/Pk4/fTTcfjwYYwYMQJ///03Lr/8cknUr7/+WkrLiy66CDfffDNatmyJQ4cOSfu1a9eusFojo5WETcPyG1jNBI3LKKIoTtqr6SNFpbjx3b+x5pAASgokYUp1O9EgpwxQAJCkq7hsczLZpFdX2qyAmUywmAX+07UpZl7dHkWlDjz3/XbM/mY3oAdEeKZfkdJX32dlL7IWoWTEBLuJzGpbq/ppeHHQ+WjfNPTMACxRXn7zHTy+6IUKY24rsxcNiWexWPHknEdx0bnngNOiDHlgLL7/eZ3uSPNWjV1Gq39OerwPjrW14KpeF2Hu5Ifl7ysiKDuFRo8ejTPPPFNK2jlz5mDnzp3STmVp+9Zbb0mnFRc+TtelSxcpcVmatm3bNlZLLJx+NjJB+ZpBvm4wYcvMb/Zgwbr9KOXtS4cN8ky27iDSyKpJTguElK7s6dXI6pagFrZdk1PQMhVYfHtntG+Yhj/25+KON35Fdp4DsPOZVG3rxnUI2jiOpqvKxjaPVJuNPEpc25yM8VefjDvPOxnJ1tDOi/6zZavc99yxa4/L0VXRC69IPWXp2e30Tpg7ZQKaNGqEr777HuOnzsLxvHwpsdy6a5lvK1xjJpMF9evVxcyJY3F2D83hVh5BWcXlDy8mYvPmzbF582Zs27ZN/m7AgAEYPHgwPv/8c3zwwQeSvEeOHJF/4y+WpDNmzEC7du3iPVBhOxM0tF3qGkTnncdKMGDJFmw86oSzpFBbX7qKyZkXNIA4Kgiw68EILDX5b0xWKVE5gN5ESCEz7u7WEHOuaItiuwPPfLcLM7/NhrAVuVRcbZtFi0oyzqQaQQ6+qrBUtWFCm/qpePXu89CiXvARmewkefv9jzB9/sJypWdl9qJnPALnAJo67gFcf81VUpUcNXEKVn37g7YiKllO3I5mwZclL0cBXX7x+Zg/bbLr7xURVMZgm83S8cNzZJWVpemoUaOkxGT7k9XgrVu3So/uqlWrJIl5yQ8aNAj33ntv3CcVUwTVl8LMb/fgmXU5KGHx6bBLb60MLND9mW5yamTldWjTpSxLVv5fKdusyWk4PUPgo36noVF6MtbtPoZb3t6EQ8UCJofNfcJFD/qX2yweQRJG2y4Jyh8CHJMqnHjy5m64rmvzoI+i7T1wEKPGT8KGTX94Eci/F7Vie5GPe3Xu2AGPTZmAZk2a4Kf1v2LMpEdx+MgxOP2GDPono0SRcwgZRDWZkJGWjoljRuKqS903X1ZEUCYmO4B4e4X3R1kyXnPNNXIvlFVfJua1116Lnj17Su/uE088gU8++URKzTvuuAPDhw+X5I7nogiqvx2Wov0/2ILNeSY4SwpcQQryrLY8XqY5jgwpwY57eSZUl678PR+64a2HTCth9NlNMebsE8A27pRV2/H8plxYigukpJWqru40cnuIjZhg93lXg6SyFzLhjOYZeKFvdzSunRrwmrI7HFj+2ecYO3m6j3Dz70X1tRd9bVI+MD1m+BD0venfcnFPnjUPH368AqV2/ficr/mpE5EH7EsF4wNCesRNJpzZvQvmT5uCzHR3eCOrp1OmTJFeWrYbjW2WlStXSlIy6di29Cxshw4bNgz79u2TOCcnJ0uPLROWbXEmKG/FXHnllfGu4rKGpVRc4+WO+WwX3vzzuJQEnJhMWlMyaEAnp85HlqzsOJKLV/+7dtJFl65JqehS34T3b2gvpejX24/i9qWbkVNgg4Vz9cpqTs3RpNu7/D2ry5pX2L2FowVLaGd3+PvnbzsdV53aVG7lBFIOHz2KoQ8+jI2//6HZ1f6USz/OG+NXXk+YzGjRtDGenDUdbdu0BnuFh455GPsPHnKpzp5S0ejKn6T2HD5L5dTkZDw8agSuveoKr2mxBJ09ezbWrl2LTp06uWzLDz/8UEYEMXnPOussr2d4G2Xp0qUyQIGfZ88tE5O3ZU444QTpKBo4cGCZqKNA8Ix1HUVQD8R/3V+IgUu3Yn+JRXpeXWci9M8wX8LKpAq6beopXZ1mC1JNDow9tzmG9miKw4WlGP/VTrz5dx5ESaG0XVmSWoxYXn0Lx1B1mekGeWWqT71/PkZ1WZssPHVLZ2QkV75FwJ+9369di7uGj9E+TmTwsFYq47chX40n+GfWDkbeOxD9brkRyVYrps55HB8s+xg2O+sOWqmMjL4LnIPtyWTGWd27Yd60ScjwyXSQm5uLNWvWSKK1aNFCqrT8Pe9nZmVl4eyzzy43IujYsWP49ddfsX//fklQtlfZMcSRRtUkL5GSoL4LZuTKXXhvcx4cNunS1fYidcno9trq2TkNT64uPeVRbiatfi6xXV0rerWpK7tYn52H1XuLYLeVgi1clpwsLVmecvNWPQhCOm11AhtJsvlnSV4QUs0Ci/t3w1mt6laaqza/sBDjH52JL77+1hU1pDlpyiv+7UWubzabcELTJlgwYyratT0J23fswtAx47Fr3z6X9KyM9EZUgpf0JEJyUgpGDB6EvjfFfWRPrAWoIqgv4j/tycfAZTtw1JGknXRxrWZtW0WG/mk5FbyiiIzAAmMLRQpHswVOKwe6CwhbKYStWEu7q7fBktRuBEXo5OaPBN7CMdRnftYdIKGFq13Xvh6evP4UpCWVnyWVab/2519x18jRsBnpVfzIT19SsQSUKrYHMJKgFgsG9b8Ng/v3RXJyEp547gX89+33UMIHAnwPfOubpf4J6/1bDoo/+cRWeGLmo2jaJPppXmLOsDA7VCquD4ClDoH+S3fgq+wSuSfKKUrchW1ETQYZMbkaXbX/yq0Z6XHVvLxa+hTNNnWQkJF9WpyvFp0kz4rqzxpeYrZveadT+5tmo7KXWNq8AkiCCcmw4/07uuDcVlnlqqoFxcWYNH0uPv7iK+3MqT+11jf+VueOr6XK6mDdOlmYNWm8DOs7cPAQRoybgD/+t0X33JaNRdIsZu/iuVUjx0OEpGQr7rztFgy58z9hLuWa+bgiqJ/3+tm24xiyYg8KwFK0SKvBm9wushKcxHmQtCUn6cr5WmUQAotEoy7HuGrBCS6aSxJzsL2erUFP3qKF9+mDEUJu4bDnWAbpyy0crackXvi8TdCpPh67vA3Sk/1L0b/+2YL+945AQVGhyznkk7TAr6rrKd8MdZg/JZzPAAAclElEQVSl3C3X9caIe+5CenoaFr36Ol56czGKi/Rsi+WR0Y/zyYBbmg5mzmzQEk/NmS4DHlQpi4AiqJ9VwXmN+i/bja92a1LUSFHicnjz4WwZ/eO53Nim5BWpnUQx7FYjW15Z6WqkUNEkq5GszNgHdUlXDy+x3Joh3n81oWm6CT8M6ILmmWXPirJDZMGzL+LVxe9o4l3X08vx4XpJV1cdV34fQmZGJmY9Mg7nndUTuXl5GDF2In75/U847PYyaYbKqMxl8NVqcNLpZGsS+t16E4YNUtKzvA8nFepXDjLv/3UMo1dlo5ilqL1Ed0/K7GS6iupWbqWDVLfDpO1JQpeuukQFuWJtDekq3T76sTIjrFDeTOHUk5PJ5jUVWIte0vvjWGHeXBcCfw3pghPrpJSZATtw/jN0JHKOHfUb1uflKCrHXjRUVIvVissvOA8PjRqGurVrY8nHn+Cxp19Abn6ellPJo3irtDoRDaXAh7ksPZs2bIgXFsyVN5Gp4hcBGeqX0MHy5S2Mw0U23L50N34/7NCyAkqG6HG5rh12fYEKPcWJrgprKU7kD1KiagKMbTKN4Jwb10VddghJiax9afJXt0ylnerKM6r3L+AwW2Gyl2LjkK5o6UNQTqPy2uJ3Me/pZ7WpGdw2hlMm14FmP/q1F02E9LQMTBg1FFdf1ktKz7FTZuCHdevh4MAE11NuMpY9tuZHbWNzwGxC78svw+SxDypulo+ADJZP6ONmFa2OlzccwaPfH4CN3TSOUvchZldEkZ4/zkONNBxAbt1Pc+4YbDG+106uaIH3LoLIsD89C5JBVl1yavVNEEnJMol3/1PrYOrFLZDhY4MeOHQIA4ePwo7d2WXiYo29TWNsxrB81VLjZ5PFigvPOhMTHhyJ+vWysOSTlXjsqeeQX5Cv5VDyAc+7HQ5ML4uuVP9NZtSvUwdPzH4Up7Q7WRG0fATkcbOEPbBd2co4UuxAnw92YPNxjpJnKWrskehLkyWnth9iOGu9bD63BHMvZeloYk8v091176Z2SJwb0XIiSV1Xl3XcNkEkpcgcvz0bJeHKNnVwY8f6aJDm7SByOpz4v6XLMGP+Ql16u/uV/ZVLKMPZpVfQ7c+U5GSMv38Yrrv6Cthsdox7dAa+XP29HIe7aBiUCeMrJxiCe+KInqt6XYop45T0rGQNygPbCZvypDKC8t9n/ngQi345Agf7U50yxb330nMFGLjJqhFW32ZwSVe57yL3RvmKB8lotm05HYcuQt0+YT3UTz/5YTUJ9GiWjktaZeLi1plo18B/LO7x3Fz0GzoS27fvLKO0usnpQUYfL6vxIw+Z9z1P73AKpo4bgxOaNwWnSpk4Yw5yDh/WAhM8xGPF5PeILmKNwWRGekYanntslpKelS9AmfIkYZOGVY4PsONYKW5ashN7i80y2MC9iA3p5LE8DbJKCWgsTGNPlNOo2NG6TgqapFtRWGrHlmOlyLWZtHtntN0ZWViesg3LP3J4X9u6Zozs0RjXn6JFJfkr3PUX36zGAxMmycB6Dy1cq+6HjOWrqCQvxx1+10D0v/VG2O0OTJ+3EEtXfuo3TaenZPa2Qb1lthY/TDin5xl4cvb0QOBP9DoyaVhCpt0M5s1P/vYgXt50TCan5isQNaXWHdrqDkKvSLoSTCkpuPXEZNzbvT7ySh14deNhLN5cLCOMPM8syNy5hjOHgKapZrRvkIr2dZPQqVEtdGpcCydmeXtvOaxv+EMTsW7DBi/b0FA9A7UX5VaOxYIOJ7fBtIcfQqsWLfDrb7/jkZlzsXf/AZd6WyER/YDL/VtMJiSnWDF78kSc01NeIK1KxQjItJsJmbg6mJWx/bgNvd/ZgWMOs5ZfSNdJvaUpS0itVb+EZfuyViYuamjHk5e3QO1kEz7bnof7v9iLw6UmgLP/SXeuvr3ialzIYHKyaoSsaypE+3qpaJeVjFMbp+KMZpk4OStJ5t95YOoseVDZk+y+jpvK7EWuz2lH7ux7C4YO1PYnFzz7PN5470O57+mP6OXatj5Sm3E7s3s3LJw9Le4PSgezPqJYVyau5o+yn6LYSY1o+p6Ve/HRtgJt+8Qj56t7cp55AtwmoNcRL5MZackWTOhZB/1Pq4ujxQ6M+2ovlu0BRFGudom3q7jY7nVMjG1YTiTGVzLWsh1Dx3q1cFbjFGxdtRg/f74UsFh1v3D5XtTynUUAmU0yqmfKuNHo3rkTtu3YiXHTZmLL9p3yykZfV5OutXq9Y09b1qjP950mJSdj5iMTcN5ZfNuIKgEg0DMhL08KAJgyVdbuK8Lty/fIHLqCj1fpq9AdTeRNLt3vowe9G38TQGomLmjowJyLGqNZRhKW/O84HvkuB0eKnXBKAriJ6Q4D8E9W6WwyWwFbCdKO7ETKP1/CuudX3Xj1nymgIntR2rxmM27rcx2G3X0nkpOS8MyLr+C1xe9pFxfpYYrGbGR914h93VCeePCdnkD7tm3wwpMLZFJqVQJCoIlEVQgRl9cPBjSFGFWyOYGhn2Vj2TY+J+pOvWksS7lYffU/OTa3ZJUWqtmCNHJKgl7bLhN8i/jIT7PxRU4SnPmHvSSU1pwWaVCGrK4/SdcohDkZyUd2ou6aV2A6vlf3OOkeWy+R6eO48cCPT8o0bdQIk8Y+KJOCbdm2HZNmzcX/tm6Hk8P6dA28bAprdyP+JCqPjyXoqCGDcdP118bojVX7brTrB3WCqmiiAN7nmuwi3LB0F5zmJKnu+Qa6eS79ighrSknHja3NmHxOA2SmWMABETN/Po7CUpvLCaVx03sfs0Lpykk8CUjf/iMy17+pzYa8MwD6k6me6iiH9fGe54NDB8t7TF5f/A6eefk1lLL32s+Hj79ABK1fb+nJp1bantgaT82diaw6dQJAWlUB4HWB77sAblCwVIxAsV3g1qV78PNBPgMpb1kxZJyP80T7vX/pyufHkpFlsWP+JY1xWesMHCi0Y8jKbPx8LAnOgmOuNr1G45OZpox0ZUFrNsNcfAwNfngB5iM7tOvFfBw1nt5XQ0WV/ZhMqFenLh4aOQQXn38e9h88iBlzHseaXzdqnltfw7UMEfXPBN+K8kZsJT1D4NZ7RHSjIUEfBTAhhEYS6hEmxcdb83DPyv3SVhMeETWeAkb6kbzZVYaslJqBW1oCj5zbCJkpZjy/4TAeW8dS1CEvNfIMD/SvOfuRrkQyiCBz62pkbPxAi3LiPVGPhF2eHx1uzgmYzVZcfMG5ePiBEUhPS8MHHy2XFyEVFfHdMvqmrNecKru/TCcsEZo3b4LnFzyOellKegZBmGlENNEg6K0A3gri4YStyjZj3+XZWH9Qu87BSEviC4hnGIM/spI1Gc2SHHjisqY4q2kqdh8vxb0rs7ExPxnOolyXBDaeLbuF49Gjh3R1khnW3H1o8MMiIP+QTlD/ZDJUVM6oVzerLkYNuRuXXXwhco4cwZyFC7H6x5/1I2X+xGf5S8ClOUjpacLtN9+AoYPuTNg1E+LEbyOitw2CngbgtxAbSqjHmDCL/z6GkasOytvHSAYuuOWSP1vNr3Rl5JNSMeK0FIw+o57cxJ/2/SE891s+hLB7ROx4q8vS0VRmv9XjFfBhcYcD6f/7HOmblmkElRnV/bwm/Xdse/Y4/XTMmPQw0mrVwpffrMa0efNRWFhcNp2JZ1flvHk3QU2oV7cOFi2Yh+bN4v6qv3hbx52IaJPrtQkh2MdffpKbeBt+FY4nu8COfy/ZjR15xnX2bgoaiT7KdxJ5qL9JqWhZy4anLmmMbo1rYdOhItz3+V5sLkyGKC4okxtIm7KPV9iD/S6b2GSG9fg+NPh+EahAl6J+CCqjlYjkVX33DOiHW/pcj7y8PDz+7HNY8cVXUnoapXIT1NtjbKQFvfWGPhg++O4qfFvVsms7Ecm9KE+CrgGgdpADeJ8cUPDMr0cwbc1RbTvDb0Z1A9yKpCvfVJuK0Z1rYeQZdWUm+6k/5mDRb3kyo6A7xYomNcuSxDs4gnvifVknRx7ZilDnz2VI3byKQ9/LTTPJlyCd1qEdZk2aiKysOvjm+x8xbfZj4NBB1z0rXo7Zsls3nt5hwwnF2fD55u1Fj89HixMidwFxAK+nJlRZS0QyFtKToIsA3FMTZheLOezMteGWZXuw3Y8ULa9/f9LVlJKGrrUdmHdJY7TJSsK3u4vwwFd7safEIx+S120mRjoVf724z5YKkwWpOVtQ79tnAHuRy1nk+RRLT3YIDex3O267sQ8Ki4vx5KIX8NGKlXDYWHp6k9HT6+vrDfZtl+3zf119JUYPv0+F9QW/IJ8josG+BGUr/qXg20rMJ+xOYMZPB/GMlHblhf+Vj41BVhMIKalpmNA1FQM6Z6HILvDgqn1YutMBZ2mxK7LX02frK0n9RTMJkxlmWyGyfvsAqVu/c9miniPic5ltW7fC1IfHo0WLZtiw6XdMmT0X+w/mQDgc7pM7eoeBuoq0bH1JeGrOTHTs0CExF0h4sx5IRC/7EvRUAL+H125iPb3pUAmuX5KNfPYTlaPmVooIB9GnZuDMujY8dmFjnFgnCV/syMe41TnYV2ySJ100y9NdKgqQ8CQrS9GUw1vQ8NunAZunFNWcRiaLGf1vuQn3DLhDNr7opVfx+jvvVnh/aKXzYYcUgEsuugDj7x8BvsNTlaAR6EhEf3gRVC4CIXipxfd1T0HPNXoPlNideOSHHPz3z3wtgD7Ua244u3qtNMzpWQs3t68NbnfElwewbKdNxtmW3VUNjKzCZEVS8XE0XP8mzNkb5N6tlnmQBSrBarXgjK5dcFKrVjiel4e169fjwMEcL9szWPSk9LRYsGD2DHQ+rWO1uWIh2HlGsb6TyB0C5qW1qPQnwcPOUrTPkj3Ic5TvLAqkVVOtDFzTxIlp5zZAwzQrlmzOw8Tvc3DYxlKUSerfUeQbxOAtXbXk0OnZG1B/zUt6wIH7lTNJ+b4S4XDCITWAQJXY8mbEzwtccuH5GD9qpPQOqxI0AkuI6HrjKV+CjgIwL+gmE/iB3FIn7l91AB/vLNbU3FClqMmEWklmPHVBfVx1UjoKSp2489NsrD5ogigtdKXdNF6Y/1M0ZVVhp9mK5ILDaPzL27Du+w1sm3oWz0uEwr3ozmhr9pTJOPesHkp6hsaLB4hofnkE7cr3/ITWbmI+xVsuq3bm444Ve+FgzcQnV2wwqFBKGq5tTph8bn00rmXFG38ex/Q1R3HMRvpBcXdrun/V9Qu/jiJN7vIJbKTt+hkNfnwOwsLba+FKSv+zYoJ2PvVUPPrIeNSvW356lmAwScC63YjoF78E5V8KIfYBULfYBLEyOPvfyC/34bNsu7ydO3QpakYtqwkv92qAC1ukId8m0H/5bvx4hKWoHhNbzrg8b0LxJauwJCHp+F40XPMKzEd3SMJGuhjSc+r4sVLFrS7X+0UahzDb20dEXiFXZT5KhRCvAegXZkcJ9TjbgZ/vLMR/VmTDySdI/GZcCAwSDqIf1MaMh86sh3SrCc9tPIa564+iwM5SVE/9WUlTZchKJhkznLn9O9RZ9xqYsJGWoi7pOWEc6tevF9hkVS1fBF4nov5eJohvDSFEXwCvK+yCQ+BQkR1jvjqAFbttmhQtk70nwPbMFtS1CLx6VWP0aFILB4sE+i3Zjt8LkuDQ90UDbMlQcOVY+AxryrE9aLz2vzBFWorKWF/C5LGjcemFF8gAeVVCQqAfEb1RGUHrAzgUUvMJ/BBL0c+2F+A/K/fK+8jCkqJJqbihlQWTz20ES14O7np1FX5KPQ0lllSQzM0bfBFkkkmxs7Z8gzrr34CwlL10KfhWtSeYnKd17IBp48ejQQMlPUPFEUB9IuK0Gq7i11sghPgSwMVhdJSQj/LB69Ff78fn2Q4Im0d+oWDRMJmRbBZ4s/cJ2Pf1u3j67aXY3WMQCuq3A+QVFKEVYbYiJe8AGvzyNpL2bQL/HHbhe1aI8Mi4Mbj0Apae0XFAhT3O+G9gFRFd4jvM8gg6EsDj8T+n+BqhtEW3F2Lw5/tQyPlHQo0u4mlZk3FRVjGKVz6Fg5t/Q1Gbi3Cw0/WwJWeELEVl+BCZUXv3OtT7+TUIR4nfGN1gUOWzpBeccxbGjBim0pkEA1zZuvcT0YJACdoawLbw+kvMp4vtTsxfdxRP/l4IUVo2CihwVAjCZELjX99B2tavpWf44JmDkH9Ct7Ciljhtp7U4H/V/X4Jam1eFperKo2ppKZg37VF07tgx8Kmpmv4QOJGItgdEUK6kbj0LfRVxousHvjmIHw+wqqtFAYVSmEypBYdRf80rUiW1N2iLQz3uQFGdFtp1ESEWpyUJaTlb0WD9m7Ac3QEOCQyl8D0rQwbdgVtvvAEmPbVKKO2oZ7CaiC7wh0O5BoMQYjgAviZLlRAQWL2rEENWHUBOCYVFJg54zzjwF+qufwPW49koOvE8HOx0A2ypdUDOEEnKt6uZk5Cxex0assOoOC+ovVGWnPx1zeVXYOhdA5CZmRECQuoRDwRGENETwRKUgxU4aEGVEBDgCKOPtuRjwneHkCMvSOIABt9I2UAaZruRUDt7A+psfBfm/BwUtT4bBzv1gV2SNLTACEF8iBvI2vED6vz2Aag4D0LaqBVvkWjkBM7o2hWjhg5Rh7EDeYWV12lCRPuDIihXFkIsAaAyDVcOsN8aTNKlW/LwyPc5OFSsX1/GoYCuW9ACa5iJwxkV0nO2oO6Gd2A5no3ilj1wsON1UpJykcEJwcYBM0khkLnnF2T9uQyUu0/2I4nK4YAeiYyMyCC+9ezKSy/FgL63onGjRoFNQNWqCAGv4HjfihX6xIUQNwJ4R+EbOgJM0o0Hi7Dgl6NYvScfxXYTpPSSm/l+E2r67Yz3MfllJRUeRdbmL5G662fYM5sgt+0lyG/QVgbBc7vBhtlyu/xQSu5+1Nn6NVJ3r5NnR+XCkMH/mtQ3m0zIqlsXt93UB70vv1wmF1MlIgjcREScl9pvqXTTSgjBQQscvKBKGAjklzix8VAxPtqWh2/3FOKQtE21qwwDLZoKSjDZS5Gatx9pBzYjqWA/HKl1UJzZHAX1T4ItKS0o4nPfGkkBk9OOlNxspO//B0l5e2E+shOW0lw0b9ES553ZAxdfcAGaNW6kUpgE+sIqr5dDRA0qqhYIQWcBeKjyvlSNQBCwO52wOQkOKTwDl6Dutt2qJxPKHVlkgoMvUwq5eLTLUlOmPNGOz/GZUavVqgLgQ8a23AdnE9HYcAnaDsDfkR+balEhkPAItCeif8IiqPycF2IpgH8lPJwKAIVA5BD4iIgqdcBWquLqBL2KryWJ3NhUSwqBhEfgGiKqlFMBEVQn6f8AtE14WBUACoHwEdhMRCcH0kwwBB0I4MVAGlV1FAIKgQoRGEREAeWgDpiguhTlAHoOpFdFIaAQCA2B7UR0YqCPBktQdQwtUGRVPYWAfwT8HisrD6ygCKpL0T0A1G04avkpBIJHYC8RBcWdUAiqcucG/2LUEwoBRsAr520gkARNUF2K7gDQMpAOVB2FgEJAIrCTiFoFi0WoBL0XwDPBdqbqKwQSGIEhRPRssPMPiaC6FN0AoHOwHar6CoEEROA3IgqJK+EQVB1FS8CVpqYcEgIVHimrqMWQCapL0U8AXBnSkNVDCoHEQGAFEXGobEglXIL2ALAmpJ7VQwqBxEDgTCIKmSNhEVSXopzLc0RiYK1mqRAICoGFRMTBPSGXSBCUU7od5awYIY9CPagQqHkIcLqMLCLKC2dqYRNUl6L/AfBKOANRzyoEahgCA4jo1XDnFBGC6iT9EMB14Q5IPa8QqAEIVJipL5j5RZKgfFb0TwDhJMYJZuyqrkIgHhHg6+c6ENHmSAwuYgTVpegwAH4zZEdisKoNhUA1QGA4ET0ZqXFGlKA6SZcBuCZSA1TtKASqEQLLiah3JMcbDYJyQDCnRwntRp5Izk61pRCIHQJ8Uc7JRMQHSSJWIk5QXYr2B/DfiI1SNaQQiH8E7iCi1yI9zKgQVCcpR+4PjvSAVXsKgThEYBER8QmviJeoEVQn6ToA3SI+atWgQiB+EFhPRN2jNZxoE7QrgLUqyihar0+1W8UIcLRQDyL6JVrjiCpBdSmqooyi9fZUu1WNQESihSqaRNQJqpN0DoDRVY2m6l8hEEEE5hLRmAi257epmBBUJ6kKBYz221TtxwqBiIXyVTbgWBKUT718q9KkVPZK1N/jHIGNAM4L95RKoHOMGUF1KXoqgNUA6gY6QFVPIRBHCBwBcD4R/RGrMcWUoDpJLwPwaawmqPpRCEQQgcuJ6LMItldpUzEnqE7SvgBer3R0qoJCIH4Q6EdEb8R6OFVCUJ2k6uRLrN+26i9UBCJ6QiWYQVQZQXWSjgcwPZgBq7oKgRgj8DARzYhxn67uqpSgOkkfBTChqgBQ/SoEKkBgGhFNrEqEqpygOklnAhhblUCovhUCPgjMIqJxVY1KXBBUkbSql4HqPx7JyWOKG4IqdVeRJE4QqHK11hOHuCKochzFyRJN3GFUqUPIH+xxR1CdpGoLJnFJUlUzr7KtlIomHJcE1UmqghmqaqkmXr9VEoQQCMxxS1CdpBwW+LaK3Q3kVao6ISDAsbW3xjp8L5hxxjVBdZJygP2b6hRMMK9V1Q0AAT6VcnssA98DGFOZKnFPUJ2kfFSNM6apqyVCecvqGV8ElgDoH6sjY+HAXy0IakxQCKEyM4TzttWzjEBMMiFECupqRVBdmnKOoxdVIrJILYGEaYcTfA2KxI1jsUSs2hFUJylnC3xepfSM5VKp1n2tB3B3NLPvRQudaklQD5VXJceO1sqoOe1GLal0LCCq1gTVpSlfM8Eqr7oLJhYrpvr0wXelsEob8esYYglBtSeoTlK+sImvfFO3qsVy9cRvX8sBDIv0RUZVMd0aQVAPlZdDBOerS4SrYinFRZ98ee6oSN7PWdWzqlEE1aUp3/TN2zFqz7SqV1ds++e9zTGRutk6tkMvv7caR1APaaq2Y+JllUV3HNVy+yRQSGosQXVpyhFInFJlRKCAqHrVCoGFACZWh4igUFGt0QT1kKY9AUwCcGWoQKnn4gqBFQAmExHfnFejS0IQ1IOoN+oJyjrV6LdacyfHAe7TiejdmjtF75klFEE9iMq3IT8EoGWivOhqPs+dAGYTEQemJFRJSIJ6EHUUgAcANE2ot159JpvN22ZExFtnCVkSmqAeRB0JYDiA1gm5CuJv0tsBPEFEC+JvaLEdkSKoB95CiIG66st7qarEHoHNuir7Uuy7js8eFUH9vBchxNV8+gHAv+LztdW4UX0E4Dki+qTGzSzMCSmCVgCgEKIdgAEAWLLWDxNr9bg3AjkAWFK+QkT/KHD8I6AIGuDKEELwFs1tKoQwQMDKr7aUc0wl0lZJOIgpggaJnhCiMYCbAPybb1sO8vFErc63qr8P4B0i2p+oIIQyb0XQUFDTnxFCsNf3WgC9AVwcRlM18dFVAJYBWEpE7JVVJQQEFEFDAM3fI0KIenooIefyvRRAkwg1XV2aYcn4OQC+In4lEbGNqUqYCCiChglgeY8LIThv0oUAztO9waYodVVVzToBsPf1WwBfV8d8P1UFXDD9KoIGg1YYdYUQnICbg/Z7AOgCgAlsCaPJWD7KB6F/AfArAA5QXxPvCZ9jCU40+1IEjSa6lbQthDgNQEcAHQC0B8ABEm0ApFXRsAoAbAHAAQN/A/gTwO9EtKmKxpPw3SqCxuES0D3FLQCcoMcJsz3bEADbuXUB1AaQGURoIjtpcgEcB8D3kRwGcBDAPgB7AewBsFN5WONvMfw/PLlBqBxV4t8AAAAASUVORK5CYII=', 1);
INSERT INTO `empresas` (`nit`, `digito`, `nombre`, `representante`, `telefono`, `direccion`, `correo`, `pais`, `ciudad`, `contacto`, `email_tec`, `email_logis`, `content_type`, `base_64`, `status`) VALUES
(34534534, 4, 'NEL IPS', 'JAIME OVIEDO', 322342342, 'CALLE 49', 'ROOSPINA@GMAIL.COM', '', '', 4325345, 'ROOSPINA@GMAIL.COM', 'ROOSPINA@GMAIL.COM', 'image/png', 'iVBORw0KGgoAAAANSUhEUgAAAG4AAABuCAYAAADGWyb7AAAAAXNSR0IArs4c6QAAAARnQU1BAACxjwv8YQUAAAAJcEhZcwAADsMAAA7DAcdvqGQAAAAhdEVYdENyZWF0aW9uIFRpbWUAMjAyMToxMToxOSAxMjoxMTo0OXUsVS8AAFflSURBVHhezb0HvB1VuTb+7Da7n17SG4TQSyjSayD0asGCil71erFw/a4Fr17LVWxXbPfzooIoXgVFVEB6Cy30FkggkIT0cnL67nX+z/POnpPN4STxB1/++iZzZvbsmTVrvfV511qzdsAl4R+M6nBRrVZRq1QRRADRcBQIBvQFN/6J6sCn4NheTanze5eXBgIBBNym6wLbjgMB756A7rGjoBVd5f21qotExC/zH5f+IQXnV4j890gnxFluqm0Ao3YagRB5HgZCZLRJS3uXh3U2zLuEUuKfxgd/Vy3YoZpeazwlEgwhEHa8awIRO/ePTP+QgiuVCohEopQDLYHCKteq5H8IkbDH5BCqtjcra1iLGlHTngcmK33mCbdGC9TJur5weS/tLFRFOEyBN64zu3P5jCpLqvOmaIv3xT8w/UMKzjOvIGp0dWUy3A2J3RQgtwpdKE0D2VwVWwcGsWlLPzZvGUBf/yCGRkaRLxQxODiIEO+JRhwkE3G0JFNIp9NIJeNwHAeHHbIfwtEwEskYkvEwYjTcOMumvZEhfHbDlf4j0z+m4KoVCi1AgQVQpwsrsIor16zB4icew3NLXsQtdz9HK6yjVK5SkIyHdTI6SPcmhtMyA+GQWRoDJXVAm5pIS2OcVOyr5QcRTiXQO6kd8/bYDYcdsBeOOGB/7D93DqZ0tcJpWOI/Mu0iwVVQrlRQV6wIR8zdheimHDLNJSODjEsCETX6sqDcFwUkxsqViYYQweoNo1j89HO4+8HH8NiTL2LLhgEKIIp4LIlqqGACqDcYrPCmTeTZ6utpfBPdcBmBGi25WEXIDTFMhlGpVwAKMzl1Mv797KNw0IH748B95qHNCbI2rLNbQqBS4N11Pr+7UWd+4gOFm6pUNj3HoZX7LnhX0q4RnMtGiH3UfjGyUq0hzI9hgoY6Gxhkoyu0lqobhBNPWmyqsBYrXtuE1WvW4fvX/AZ9g0NYTxeYy5XImRjRQ5LxiUqg8BbxY5xHvtC2S+ObWC8hwrqFKbww/8mtZkpF1qMOJ92CWmajxb3Z06bg7NMW4J3nno69Z0/ilYybbFCM14lt1QqFKYWMytEG2U4KlY+K//+ASneRxdUpmDIbWSegCNPCCOqNudRyWmKxkkE82UE9jljcevLFdbj1nodx96LFeOnVVSiFyR0CEpM6YxJoZWFZLrlSL1PMAYl6m2IHGy1oGOxOBVkTlqRbDUgK/C9EWVX6QQ8g0FKNpahJtMBqEQ6l1dmawD577I5zzjgVZ515JKYKyLKcABXUCiALiyV6mFAMYSdisXJX0y4RXJ0WJlcYjqh51M4mplCKKDIejRZLeOLZpbjj/kdx38PPYPnqzQR0jE/RNGNbhYg8wvu93KxaLspsPcuRXxI3fVLt/RaMtWRck3yYOUa0CNbDcKhQpMXGoIc4eW0lx3o73ARUamWeY1vYjgjdRiLq4IqvfhKHHbQvZnWniUSZWtBanWSC5TG2smzlh7uadongysUKfT0bzvpXinkDEvFki8UkGdH9yzfigQcX46Zbb8eyJcvJoAhCrV2IOAlUeG1NoILVYuXIT7ozMkwxxQN7deTpYkW+OBTvfKsTVZsSb303ntwsXZw8QTRi1qdAxehr19apYJFwErGYg2qpjEI+y+/qiErplMQT6BSH+nDKGSfjg28/E8cduh9601GKjHE9P0rXnkN794zGk3Yd7RpXyfYpWJulMDmOMI7JqSxd04877nsQ3/nljciMMonO8ft4HKn2djIrilGeqw2NwGnvIgPpemi5AVmEeEYLqVE6+pfMNBJkWp+UQQy3RsgaSeObNP5zLRU1AYR5vcBSuUiwYwriucx6IctcjsKg1Sv+qfwyXb9bLdu5GqMchvpZ9zDOOvFIfOjCc3AMU4zOhDyM3PiuT+B3UYyj4MoVz9URBAwUarj3iefwy9/fhLtuvwfBzjnmNsX0Ki0SeW7ieZKaTmRXzA8jHHIQCYU9V0nh1agALl1kgFYSr7fAbQitrr2lDV76QC57gvSbNX4vivA4y2cSTISEJgp5ylzolgCDsTVKIVYY4xSnA6EIM40waiUBIl4TiyGq9IPuJJ/JmSvdc+5MnL3gaFxw2rE4YO5UUC12Oe0SwanRogi1c+PWQVz9+z/hp//7J2zemkGoZxovCFnMEwXpkuKMDw4ZEqTGSxhTpsQpNJ53oohEiSaj/C4RQ4DWKcE9ShCnSpvA6Ear3NckNF9wFr88suY1b6TOAuPuSB5dZH4vEatToICqJfMSOQrRGc4ZsCoUSsjk8igwhg2PZilfpQNAGxVtOE+0G04gkmpFZZipSmkYp514OP7l4vfhzCP2tOt2Jb0pwRWLRUTJaLG+TMuKEkmp46nOXKhKLY1Si91UC25eugaXfvu/sfqxl9ET7UK2XkS+zcEkdwTxni60zZqF1OTpqLV0YCAZR19HEiMtDupTOih1+kcCAbksagCZRGEYiADSLq8hY6u0kho/S2ietXn1S74+WzBqbmaVliYE6se/AN2mdU5zs3LzdIk6pqt3Gbfo15EeyGDGxiIm95cwWNqKwXWbsOW11SjwO+Y51KIarbeKRCCMf/7ku3Hpey7EFFa9lOlHtCWJEv398EgJPS0p6ZY9RyTE7ZPq6NdpZ/SmBKcbcvkcwV3IupBExXKJfI5SfEH0E2DceNNduOZPt+Kpp5exdq1ojaQx4tTgHDIX8fnHUTjtqM/uRbkzjQqtiL6TsJ/xUGCOjBcO0F4JnsucTxmA0gExuQbGFzXc+hZ5jvlYiIdBHutzuZEuGHJsWKCXknhutKJYqI3xyxRCndT+XhvTDylJhKwRe6Qccs0hFh/kM1vXrkeVsTi0pg+R51fCfWo5Cus2ohCuUAmjmIQ8Fp54DD5zyYewR28HhTeCdCptZQ5ms+hIpaxcX1DaS5CqY7Mgd0RvSnBiS4loK07ITAWjm68i6CSZkwWxsX8U37z5Dtz5p9uwfslLAF1JR9dUupwSKpNbMPU9p2HDGWfRksQkPpoBP5UpIDGUQbF/ANnhIaTYuGqRKUS2gDrvC+ZZPmNMoERLIeMcggk1VO7WNJfC8hmhzwISvuY2C8zfHIcuVwyilrjc6lEvdoZo4SFauixZvShoaUGgvZW+tR1udzuK7WmUY2owy06HKHcX8acptGtvR23RM2wLXWkqCGegH+VqFkcuPBaXf+7fcNRuTN5LNbpcAq+WOBFofKy+ItVZx6qrwNDfQm9KcOr4dYS/a3lqUwbRNiXTUTy7agN+evVv8avHCPH76PddQuu4Q3GGUCJCxL67Ya93n4WXTz+KpVAAjCeT+nPYs7+CeUMVtPaNoDIwhA3Dm1CqlBlvSsiVCrTmKgqMm2XGIIGHflq731iKjZvXhBr3Oifh+oIbLzRRQT0mTLoTBB6xYNi2RNhBMhJFLOKgo6XAUJBAKtWGlngLoq3tyPa2YvXkBNa3BfBy+x4otZiDQInW5/7qFuCeJxAhL+hoCTbjyJYpxKEtOODwQ/D9L34Gxx84m/nhMJwoaxlos3o016tZDH49d0Rv2uJsaIWISu6G4sGy9QP48S+vw9W/uxFufA4SYmagRKchxEg3E6Ib7e5CdE9+d/wpcGd2IT+7DaWk5xujdIkxuT4KqESBU0LkcAVBbUWmBbQ6lyBCbjNcHrG8LUQBRNwAUV4AEV4ekRTZnKG615fpu57mTef7GaNlaW4sgjq3Kq2omqC75nGAFue6BBxJfk4xDDBNSQUiVMsgCqxXnu1Wx0J161Y4G7ci+twrKN/3OIKr1sIhwMnXCqjE2pmoJ1AjsCn1rcdu+++G7339szj9kH0RzAwjkm4zQfmsV7180rldJjjpeZUMDltOE8SydX34xhVX4sa7HkQ9kiAj2xmoy0R7tBK6FMXBYK6GojoklUOlpgC7T0Zg75nAzF6mB60It6VRI0CpRkMMP3RdBv8dj8F+WuTXtLldPFa4kneTMHWNRgzGiEwQH3xeaE95Nz54O1MCCl1xVVS2vlBaZbmGOIFKXAl7roASPUSWHqC6Zg2wciOCr2xAbF0/anSNbpB5J5tWrRFtxrsBhow4w0c4GiC22YRZe87Ef3z8o7ho4ZHW5ymS19AmQf2tLtKnNyW4aq3IBzkW055fuR5XXnsDrvkD3UW+huRuc5EfoVaVGYNcbtJa5j2hXBVOJM7gnUCMuVueAKLKHE+IMUwEGmIcKXWmgFZe30lXQqQajicQpKt1hSxjTIgZg2QR9VYm6KyHnw64BiwkBTaFu2iQ1+sTmzbmUht7kUN368p103plwaEKmcd9jQi5XqkisnYLvXwVJVqm5ZiMuRjmNsC8jftosIQ643ItX2S5FDItVcm4WQqBWYDn6iwPxRLijJOqV2HdGsydfyC+/IXP4+3zeyxVkrBUJ22+N/hb6c1ZXJ0VJ3NW9w3j8p9chV/+4WZWvhUtPVMwqtiWKsOpk+EUXsUqFEWyziSWTypUmUoIJss7WEOJ3uhxIxWeoIUJKBQDRVpc2PI6JfCKYQHGoRBjkBpcSDUaqP5FNl6dxNbwRkuKzrYm+YwZayb3UYIa5Zp1CkouWUjVxu/0WRtdZ7BE100wJIEXI3weFSPIz5ECheKWEBKC5vMrKpd1C9Jd0+gYNEI8txmBNMGaTJiuPlyn16lHUJHSpWNYd91/egO7RJc+qX5vWXBVde2QIXVaitoTZp4iptfYQB2L+tmAK666Dj+6+vdsa5iurp35jxJU5jNh5njqb+T1LIj30FJYqTEUGKE70WOtz5EbGS/BeHEobP2Vghx2jfnBxmbRlUUGGT+IHK3jmeWrx0M0ZlUh77rtkurGZ4aofIEwYxzrHaHFVIrqCaEFOm2o0SUqltGerRssxrw1PzRoQKzEfNSIj/I2Ml17kmpJP+N94JF/3oiClJKEYiE8/OerMX9SEsNb1qOzd4bdkRnMoL0tboqwM/JaPJ7ELH5V0XgTH24pD89Q/8l8wm0eX//HW/Gnm+5AWT0IQTaeriFIlxUhI2tEm2EihSiZoXFFaWiVgdvVvA5W3oFGmdsQDbVyS/NznOCCrqbINJ6xMFrNE6yUESMTY0xsY2xshEIP0oKhNEEMZrIfDPM8t3CwzhjFz4wvobpqt2MKsVKyGLlyxWpx37q2iCQjybSdV/uVqJc10iFdoLWoX1XCeB2JVU2WIjlJST3rUZefnR4j5YMVJvbf/cH/4PFlr6GdQlPHdq1UQjvTjVpJ9dk5TSg4JdEGscUwWRgbUidTNKzhULtvf/Rl/O7mO7FyzSYkuqcgmGDOQ3+u/hNrpayO11XoUisjQ6gXmKwnCLuTMYke5VqIW4ApAl0m44uYo7kkNQqW3zJ40wWaixXi1MYY4ipu8TmBJC2alslqqSMlxANH7tIJIuqEbdMA7o42TcELyQvQ2kJK/LnJo8gZVKjtsq5YS9qLsUSHelCFF8gjuDYMpIe/XiISyDaBeeQLb4zkYbRRyW/8w19w1Q13YpjPlHcLlBlDiVhp7961O6GmUreRGCa3E6WrkBjVESwXJHNeu2kTvvzt/8aTS1bS5aXMLZr7o6DEbOVuhIMoEYnVyfD05OmId3TZ5wKF29rZxe8zfHIeAYfCjhO0xMuIxDTUMkIejSJPV52ntReomUXmbkUJlg2qk9G8mG2n7YvZrKe+yxBE5ApErYyj9bAY3WDs9jYKoUxr0jha0CBWhZpOxvG5QpjFka20ijw9B+OTut0YW6Vc4oEXWViGTEmaw7u9eZr83Ng0JqerRBKea99vI0OQ4RRuXbwEP7/+bjDbsfG8wsgg+cDn/Q00cYzjFqD5hgxfU0EKBYQSaazvH8bPrrkW37r6LrqNJL/xKhQiQ1XdepmuSnVPdVmcdFmG+vBANymm8ELEiBIPmjcVra1pTJnci2lTetHT3YmWVIzAg7bGoDBUcCmIIvr6B7B+81as39CHdRv77HM2SzcZTdtzFRcDzA9pCmYtZp0STFXau32Kt3SgnMugtnUDEq20KrZY/a9VuWKWlUioByWOzAAVrKWNbpVZKRXIpddx+H3JD1zaiX38r2aLxLKalLdBCjXbWOzFPGaPCKXaKagsZk5K4+pvXIqTDtkDucwIEi2dY2XtiCYUnHpGgmS45ogIZMhdCHb89tYH8e9fvxxD6EIymcTIMBvGGJFsa7MBx3omi2RnJ7OCiI1zQeNabgWzpvbimKMOxYnHHo0999gdB/ZqngeVzlPQbQFcjWYMrVomzaLZwCJdab5QwgjzqEyWCS1jwZU3PohXVryGl19dhSLzLKQ6KMt2lF0mz4LhjLE7JE18HdpCdFvDO04/EfvtMcsGfgNBx7o/c5khbKSSXveXOzE6Qk+QIjOpEEGGDGUeRetEJTXqva3+3oG50yZ6vfAoOLa5HnAYq8nV3DDe967T8O3LPoFJLawXrTzEeLszmlBwAnUayIxIcHxsjQ19ZOlafO1HP8MDDz1By6E7Euc9yGkjBSULqi5S6TYClhy1N4+9Zk/Du849FacvOBqzeglEqI4xSiushstE7EHc5PflZv2tRoEbImJDTP14jlRnVYVMS+pS4uOWM8be/cDjuPnuB/DCy6vlb5DumcyEl1a5I1KCnh/A/H1m4Ftf/ASO2GeW1SVCdy+WiyGvbBjAZ/7ju3jgiZcs1QGFKvBKx4iKYL5PVHJfcP6+7jYA0hhnaWn867M6xLJqzA0DlKDLkNDalsa/fex9+NcPnsG0SWDPy0N3RB5HxpF4p0rqQEE8x3rccte9eODORXAmz4SjDljKLZ6KI87ks0TLilBjE8xLsoMDFFAOH73oAvziJ5fjkxefgf2mt6LTKSAVGkG4sJ6upowyIXuFgKJKn16m+yxFmZ+xIXk9N8ykNZCma2KuVInSTdG5yIprBBRunGliHzpq/Thsdgc+/+Fz8edf/wBX/uCbOOrQ/ZB5jYzeCQWZSEYSccyc0o2950wl5CEkKA0jUi0gyeM4t9mT2tHbnmS71KvhdZfVGdfUV9pMXgxrfBij8Wz1Yp6utY3uPRLnpmeRZyMb+/HH2+/H0lc38NImpdgBTSi40XJBaQ6BYsGg/z1Pr6CbXGwuqUqXWBZIYFUKo4PcBwg+JhGNRZHftA5zZ3bg7p9+DVdc+h4cPiONhBJcJbuE+yyA8ambaVwcToUpQNVBmOedKhFhleUQbSaYO7oELvUQrSZEVxIsUl9ZHyW9QU04ohdwunhNG+JM7FHLYTbyeP9xe2M0xtp2TmNawEfRpSbTfJ5GIDQbixacoGfQd3XG21puKz5x0bnoDrN+TLoTccY9wXL+c3NDaKGwvvJvlyJSYXynh6jXGLMNgcbGrGzM0hrC08B4XScZy42B/iZwIkBFMCXgUnUHUAlXucUZYioEbB1Y/dISXP6jn6CfajOqkXXQ8ipD9A4MRyRNbhO5Vc+bTCi4BFFUlY2IxlPYOJTH3fffj8GhIYSSKfKAGpcjIiQwiKbaWEIYBYIG5EZw7ElH4xtf+jfsf+ABjBlBVipvE7JkjXITZcarEtOAqkPYGyGLJIQQN+0bx1Va4ijBSYFJvUYc3BAZxQbWqBglurgCcwgF/xLBgkgILagxQTasQmGBSNFAHM8XCKrE0UjC66FQb4nmdAZ575GHHYqZM6azng7TUM81xRjLmfhYjud9juCoIw5FeajfrM4E1bCa7dKOvhONfa9OcDKHwiyzjgWyddW6zbj94aeRSCfJ4qJ1eBAlsd41G6e0uxSiSBMKTvlYgYluiftHnl+KP99xJ6qFPDWWUFzB3xpGBCiN0YRVpgv7zpuNT7z3Apx5xDwbvFbB2ldKtJ5K0VyFMZiMKgUiGCiH8NKGQTz43HLcvOhxXH/b/biWYOBXN96Oxc+8iieWvIYldB2rNg+jL1tFhgXYnBPBZfXWsy4KjxXLG7knXCemp8rT6tT7EaF7VXLNi+TmBKI0h0QAwy2N4JzTF6CrLcGY6cWjshSSRKfItITPILUm4zj/rNN4L7Wclif0OWZm4+gNwmz+PP67RhE2JkhBVCQ8Kuny9f343z/dYROraqBCic+819ItkjoEfJFN3FdJZuQrhOW86LOX/wjXXXMdgszwIwHmSZqf0ZJiilBioppAcctmTJ89HV/85Adw8TlHoE5XqiQ2TQYT1jATKDAXUhQJY0umipdXrMHV/3urvZixYcMGbN682WZ3yRr8qkSCFWurkum2thRmzpqOffbaA/PmzcXkyZOx8LjDaCkRG8qh/JHibdQzvO3Sz2HJomUMvu2Mwy2GjkWaiudSaAIfcpMzW0O4+borsXsrmZIfRTzewufT/dHqA0GlwHJpYQsTK/tyOP+ij2H5ys2I9EwnUxVnPWsfT69nJZnceL5H/Ox/dAvkTRhhepMKfaAE6GoKfIXG0dGCG7//ZRx/6B4UJfkgH1Clwmo+DvPPkDpEiUhDXyU1imsiXk70d++TL+NHV/+W1ldHe+8kZPu2IkZ3WabLUh0F3VWhD73jDFxy0WkEH9SK3CBTvJRNbdCDnFjaLPfJF1bgJz+/Ft//8c/wDI9XvLaGQutDPkeXIFRJLZfLkrZHY6xyPYAi4f8on7mW1z695AU8sPgx3HnPvfj99b/DWqK+WKQFyR7mgHTLw8Ml/Pa+Rdi8tp9lUVDUZHVjsUB1/CCeiLHRdNe5UbzvjONw3kkH2VRyR/heSIsxMEgfq/wzqBhFLvMMY5+Drf2DeOThR20crUZX7+fTPtiYmHR/s9VxGxMchWWFNHpiuNccTyXqlWKJPBzFwoVH0/MRDDG/jERYU14WUv5kiFZ9qBMRvx/Iurj9vsUYWLURTls3L2TjGEOCDPAybyFOd3QE++xOyH/WiWQew9zoAOJt7QzmtDQG/FCMuR7V9oa/PozPf+V7+NlVv6EQNjD2bUK1QgYHGXiJNgMRxcwMXcIQtWvAhoVqrGm0pQWpqdOQnDwF0WQ7SixreDDP/G09fnjFT7Hg5DOx4Izz8a3v/hQvvLjcLAX0CJpOp+EWr9NZHFPvBhErk271Ob77vIXUdyqeXCC5OTI8atmHWOiQSbI5WQ9LQYznz1xwHC292zoYNOgrahaYf7x9Ib6eAnT11julsmQB3AdZV+ssp/Due/QpvLRygPVhvRsxzTMSXtqw4gkFxybjmRdfxEOLlbMlkYimkBkapk+itfE7m0quXhGCidOOPwIHzes15FWgYDUarjn37e3tNjXjtgeewRW/uA6PLGJZRJDT5u7JXC4Eh5yiLRBxEq0xEXUZQwUs6DsQiqvHn+kC4XmOSX0uo8SbbqOu894LINGuKXTZPXhl6Sr8+5cvx8cvuRRPPfgo2rsnSafYMJattpIxAjAlBnuQ8UcffSQOmktFYDv8FySjGmciPffsC/zrsURCqDI2Expg/z3n4MjDD7Z4/Xr3t3OaSMAaKNamWWUBwn91ktelRFXNBaujP1vGn2+93Wpnb/+Iq/QMNrrSMNsJBVdggF+y7CWsWLUWkbYuc8+l4WHmoYwbTMzLNF8wZkxivDnp2CPp9RW/h9HV3Y2i3F4jmC57dTOu/s0NeO6hJ4HuqYj3TMP6ZctRHK3zerrjIn0387RgLU7BM2di7qYRA/l7bepG09swSnq1SUut45k+vlyje4kkKMDJcBIttEY+M19AJpOhtVMRKDAxSujXcbxhJieZxDnnnmUoTRMu6urYLuQQY06Vz7u44YYbsPyV5VZ3UY3JsRqfdEKYv/8+bLOGc8jsHViWPXMH34vq/veUgVy1OvLrfJbL8oM0AJdh4qa/3o5hKqyokM2Ze5YHCSm9IDFL4hcswEMyhOPM3IeDMfzXldfS1ytFdDFMDYh0T0dRViHNkLskMpjRG8HBB87ivVVEmBq48spkSj0WRo6s/sG11+PR55+ziY7xMl3kMIFDipUIUyjcXOYyruPa9TUm8hXGtlKcaDHSZluNMawe5RZP21YjGKpG40SWRLdKI6IVJv/MNTt7sJYtC/FaOkS2JIVwhUCkI4qYevVl+oxdk+ak8dF9p9owkbpOlegHE20okSHLV72CX1zzv1i0+EU4mRKBWYjpUDvxAplFN/WRC87GlL2mAVuHmBJ5A68BMZxIts5cMZZmnaQczHE1UmB5Gy1dcWvbKIe32dQPbsL4JcVy1Y8AztW7E0GhyRBeXbEZNz70CjK0wXiSHqE2TKEW6fHk5K143s/7lKeq1zxEE35+6XoaFIumZhhSotbbED19kAKuBgNlCb3dPUSAMltfgxgXVFHeoj7GjWvWoUBXp1FmraBgWSTPqzF1+TNLaClsgQGNhymnEqBgnAloCh33Qe79TZ+1WTqi3IsWR/RjW4DHLr+rM0WJKP6yscECU3f6y6gYRyU578ijxB9z9Zovo/in3i/FlrvvX4QRgiG9jMJEVm8HUImpipqWQDa3tMZwxlHH8GLGbjZQKNWsS2N0FLzljHyuP0N7e7QzaxQZ/E+m8fRTz8go6U1oVgaYzEiNghIYUbD1KEgzpR2333kfikx0bTqApEDtUIVCQeEcFkDgEGKj586e4wmdZ+WvpYURJrgBCn/T2vVY9eoKIEPbo6BcccjVwz2mmxDUC6FjCYbWpM5sWRMIz12iUX/vb/qsLai+w7g2notyH6VFMg5Dm5NCgoKoMk46mg7BYw3PtE/twgcXnCKQaW5HZO8ksFqZYg1//MvNrD+R9EOPYnl/HxLyvHoDlQwqMdbqnvedsoBATWOB/JImKwV21J+qiEOF1JwYlWnUENDfIijR665juerEv/eBB0EsRn3n82QcdPt++cKjkgsrQiuioEo8f9+iR9nYAIXMVprZ83vlGaQAY5hmDOvU7FkzKDQr0hohNGBM4eFg/wC2bFjPciuIC+qzYkEJikKSsFzuXQoqGEtRWBJYki44aUhU78jtaHMpsECUbjEmQUqgEqCER7fK8jQHRVauqXVSq5HSAE4/6jAcOFOulD5SGk1SPivlfPr5F/HU88sQJNjZOpDBnxY9aMBGrpBO1faiw+bOwoEH7U50yXCh8SvyrqzeGoENWr3N6qaSTETbFWDTef8a1Umj8BtWrMQzS5azeLoJGozkYXzWNeYC9TBZDOW0YtMWvLJirTU62OiTtI5P9TiQFwH6ZGmErKuns8uEZpKnZW6rHBWADSrmqC7qxaDwpSiu3CH9OLE9N8Uqz69LaAFZGxtvAm1s9e1sbkTfe/cSmbCuLI/n1Y/oapP7KtRQZgIfV4+KU8T7TzrOaqYxNbl0pRtakkMivOWOuzRWw/Sj05Tgj7fey3yOVaTbLRIwRFhvWZ1C+zvOXIBqfoR8YCpO7+Rq3ictQUMxFlbI9J3S9oRIEg81IaooFEylu/f+h+idlN5IYNum8QW1mItpIJkrDHXf888Q7dGiFDNUMVmR3KXiktylchDWzUaHqQFqOMXI61gZbiq/oiluUSa80ko2UOatrimXrrYuq+N3YrgEEKAATSB0nTV+rstKLOZpkNTbpED+scVDuWzt1TUl5dIml2X7MEpyt3WWRWuhRDBvnxk4dq/JKBSzrD8rz3oqvkUYoPuGCrhn0cMAk+uqnk3X+8KS1/DUyo3iDxsqdvFZ3PM/LjjhOHT1dBCgFBtKS+IX6vmRsgb8TkXRDgTU/N14azSvJZmk0nhw8WPIFhmqZDCkUONaQjEesF4uG6H1ev66+EFzWQIJNoQhWB4k6BAKEXgReCCpH7DEvENzMTROZv1uFHBVZkmI29bViUQrXRgfVJMmqkFEjWZtBjC00WWS+S6RVJ3l1sn0mgSiyrE8U4Zxe9uoZJq+4DWee8YxJaqKrYoDWSpXkimCpsZVkhX88xkLbS2TqNoqoKKyWCcp3X0PPoiXGIuDFFxdo+lUrEomgOvuvd/CQZwKLCQY5/kcPc/stg6cd9YZ1tZSnvGbwjbUqKkQVGzrFx1HvmDGC8ir/xtJSqBJS1LM5StXY2NfP/kfpfVvc8NkAR+kjJ3PzrElTy59kXmNJnHKvUnNpGeNpJtkpqoH0nVKwwRazEU0SL45SIto7+xAinmfYGeALitMPxOxCa60BrMajThzz2NXjTV8y33DIkRv0ER+3sYEzzV7AMo7LwUziyJ6dRJpRJi0V9MBvPu4o5ErjtJNy0N49wu5CZg8/vjjcEez1CG9eC/XS09BTHn7o48gm2XbqQR1AjW9vVrUvIRSHWeffaa9qVTJ5cg66r54oq2hEH4d3ywJgducS3qpCnO4/oEBUzIJ1CdWR7OeaPZycesLKD6TpbsfRTVAa1MFqHH1aojSZiPYuEytTLxBhqc78Pgy5mVkhqCxRpBLWaIvWk6IAKaNJb//7IUstIQq88JoJ/O9DKG5RnerjJ/M0cIOAUWNDabbEiPCgqh6WaKuCTyNuWZkhKcYDeGSkerNcYN0tSy3TitzxVx+b5NnVeWsa8MklcAoLrvwDPTSi0aDLRgJ8LmBAts7aDlk33CR8YxuMjWV8LuTMmG8SoaQoFdYuXw9Hly7gVZk4wXIDfZBs0HqVMST57Zhwfw9WCctkMN76CuDdJ1gPBWvtqkxmybvwDqZMHlsm07YpvZ4LbUONh1L8Rg6ssMb+H0BzvR5+OF1d1oYizB31WCXiFfxXjJN2rdleJAxxrOsHRIZGSaCWrl6jRUToWt1i2V62KS8LvJ0IS0tCXzgfRfi8GOPQHXLOibvGbTOmI4CAYujZJUKoC4kh4gtyuCrKeG1guZxklHUXJtrKA0bp8FvcEUTaHcsniQwGkbbjMnYb9ZMa6UuU93EJE0ECofiuO3Ou2wZqVB7h/XS6yL1ZQYdKkKhiLsWP4wChV6pFxFto5KRveUKU2B6qOOOOZLKSoV1q1TkEuVQRzxBgGWd1v9vSOFHr4wNDw+bMvjARETjJxCha5NEX1q7GmW9ZLgTCrLiYuDzL76EtZuHpG82maehB7QcNpwN2mPONHziI+/FPofuh9rgFoyMDCGUbqEnK7O9bCwFUyVs1+oGlSLBTsBBS7LNm9dIlxrlZomyEC8bIMvzX6QcT83CDemayhBOPGhPHL3nPDKVVsE2R6kHeYpP2l0iJ/58062oZQoMu2lTXEvseaFySlnEbffch80UaJ5WIE8iXvmKcurCk9Db207sk6WSlYypQoPyXG+d5P7VL8tKMxxpFCWbZ45MbFBtTJ2gakuP5FaAF199lbnVxIxpJs2IKpPhfZu24r5HnrDusrauHhvxrkgjqbGZ0WE64QouPPd0/PBbX8FCwmh9rg1sZqbBOELEFCTDhCqD0RZ65DZUXAcjQ0XkqWHFgvfyohQkQkFonohI0+gsTGnzXU/DHflbrsA8q8PBKYfsjenJOMpKlnk+rBF4OKxFBEtfXonnXnyZ0oxbP6fKd5iSaPp7ie4fVKDXXl6NZx57Dq30KKE6Ib9yWCq2Uondp3Xg1ONodaNbed5bw0Wr/ul16rdMbLNCmBYwkEZt3brVluFQoxv5Ny3O4ocH45e9skLm4n2zUyIniHR+/5fb8PTLG/XuBkvjw7gvlEtoa9XLe3U2qopj33YQfnD5l/HVz12Cgw/bB9XMMGoar2OOpHcAhF617lc02QqnowuJtjabOaZgXM5mba8efG2yPqOG5hsoaWw+VQojOHSf2Thy3gxWQS9Eyg3yC7ZaDFEJt9xxH/pHiApbu6EVFRwm7q4h2jAtjO5bqHSkjL/eeCuZxxsyZVuhQfdqarCc1rvOOZXX0xNohJ98LFFxrVflrZLiHMkQPHmazeaRUdehf45Ei2MM4YG2NavX8czOY1yNgtGoshaVefrxZ3DjrXdZ2xwKMszGJ4jMpJWlUhHZ3CgdUw1zulP41LtPxlXf+iJ+8s3P46JzTsDuvXHE6xmEy0M0pX6Cm80oZ7Zav5/QqiFZbWRKlRmxmCPr82m80MaElw7hzCMPxJweph48FazzHulnuI4YyxgsuLjltrvJcArIYDcTcbZbAz2C4AJaYeWbdJl3PfMMVg/m+R0LovYr3qmHvlzI4+hD9sT8A/Yi2ClZLJL3UsbxVskAI59lRqVQQXc9OiLBNRCsjuw55HqY1wxs6ecH74sdkWYbm1YoYXXDuPn2u/Gzq25A/+AgH+oB7jK1OMDYqddxhZn6NqxFnJa13+Qk/unEvfA/n3svFv3mCtz882/gix8+B0fv3Y0piTzSgX6LZ9WG8GIM+AmCHrlNdS9JgPYAbs3u0XeXOj9tt14snL83kpR5RdYjIah/izKJc//w4qewdDm9SzzFmEE4xNRBVmkzoxUMxQMpyPRebOqM4JrnH0EuLU13EbXHM0oyp4uTBe971/nWP+vShWsNlP9XpHZq8FR5ohRiZGTEAJtPQaUmQnQSnBCf3vPaGSkI2/pcZeY3k6di5YvL8N9X/gxr1qw1eKw4FCew0GpBOQMt5MGkHkToVgK5fsSym5CsDmNqvIRj95yEf7v4TFx/5Vfw19/+BL/9v9/AxR/9KA445BCzoCLjXZ7+3Xrd+VnPHk9jltagabMmY68ZvTwiMqUQCJot59RQYYDK88DDD6NaLKGlrd3csKOOAYIjIUqXeWhEczokhJlTALrcP736NLK8V0tyOPQAmm4Ql9tmWWedttBQsTqd1eaajRe9NTJLo9CsY79hYXm64UK+JBkaBSrloivk1jdax8wjzkAx1EnJ6HUo7wblRiKbI6GWm2bzbpYQ0DGRYiweQXHLWrrIIL719S/jIxedpXFwz3Y1nKPYoo7aMT+ivcozTGuMZ1WNVC8h3DJPrOsvYPHzy3HH4iV4bNkabGbeRXQAZIlOOzotXYgnYygMD1h6EqbbKzJurfv++zFt3m6Wc8YJPoqMk+ptH6VSDdeKmPW2kwlUHCTcdjihNhRCVLC0g8CMTiRn9qJwyjGodQUwk3Xf1LcO7fky/rjg7TiSntctb6GAe1EJlygkxmkkcNm1f8KPP/s/wNzd0FqNYTTmjayoR8mQKIkO3WuvbzU+ytDXEpR/HUNXMKzJ98wHSzXGWoKnwU34+mf/GZ+5+HwkghVoqlHoP778pa8GKdUc8fEPr/4dk2VCYSZ6/krh5hK1M63mxr3mJrrUYE0K0oJnysla0ilkB7birrvuwKZNa22dyamTpyGhFYEY9zKZHNOAKvSCSM2mmfllqsJ0sFQEbWpYKduHtpiDLvq6veZMwVnHHYB3n3Mc9p5OpRplTphzMbyBri7BejCeBqsRmxybpwBn7TcT/37ecbZojc2PZP1idH9SRK3V9ce/3IL7b3kU1bx6McModHWjuv9uCJ50IMJnHorggv1RaiewigUw4mZQZ+qTXbsWDss5Zgbbo04CxsxyUIs2UsdDMQzkqrjntZUo92WJlIlMaefjvYAJTmRCatqPI0UhjUhY1xzZFFKOTZxw/FGH4IgD94ZDF62EoIEqPbKHjXvgRCSwKoFKq2TKNSaxuXwBqc5OalkIV//k5/ja5d/Fd37wEyx65GkbQU+0tlDQLVQM5joa1iE6qrEMIcpyhVx0mUbYi4p1tKTi/MzcyM0jVR9BS20EM8N5fOC4ebj+m5fg25++GAuO3xftbcR3hOPJVCddN9lIS/yXd5/CVCPO5zQq24hdYoLC43XX/wmFUbJWa1LOnQP36H3hnvo24ORDUJ0/FzlaHBuFtpLa6KKDlq05LvdsXIl1FB5qjH0sW9YU1mg1eXHs/gdgz7OP4HNoDSECN3Wo+3wVXNfmU9Phdkn3m0/0FJo+006rSCmAdVLYGZLc3t8qOF2nya05xh9ZT7C9g7E/QKulFjLBDnRNwqvLX8P3vnUFzn3He/GO93wQP/jva/Dsy2s0eoJBxhftBc4VfB1ahsrUvAv1RtTovmoBLZOYJIpz2Fa6QaULFHY84uDsE+fgx1+8BJe952zM6G7BaP8W5JhaHHHwPjh9r5nI0CXKystaZEAtFA+4PbHkFTz63DLUuymM+fsgccaxiJ91HJy37Ytoby/iBSLitRmbyGS8YEqWoWeJMLVZV6dV9a2lUCP2/npIGTzZJ8AwqSWMU445DOE9WG4pQ69BjyVhNVsVj4UnTOl3QiZ03U/DsHfT+dmW12/cqgnLQasgySSpY//bHZBmBCsQe6lDAAkix3AiKa/EHIp5TSiBcHuPTQ7KU/Xvf/gJfOUb38V5b38Pjj7uTFx73Y246fZ78fzyVRjUikPqzaDLCUSUSyVkJGYdbl1L1nvdU5rPUqlRGJUQ8uUC9uiI45JTF+A7n/pnTJvZzui9AacdMx8z6gQhVisCGWssFYLKVaah/PrW21DS0kwLj0bLiYchTuG5U3uZcEeQJ4O8RXB4Lcse6onD6elGmWAk1t1L11rH7x9dbDNalGI7hkFYF81MI50+fQ6mnrAvGS7lqxnDJSif7LjZ8nZAJoeG0M3i+Fk5rA8RbKEAX3Bye9ok5Z2RQ22W8NS1FGSMyY5mrOsq3tmDFFGmxsYEswtFJtdMWmt0n3mitg0bt2LpS6/gsx/7FN73novx9gsvxgc+eim+9p2f4s93PIyX1w8QUIRsxR69kuVqHqMkKFdRKcOh69KKTDbTuVRAvJjH2YdNx9c/eSGOOXZ3HLrXVKS1LD3jqN6zDrNtegeixHuU6Ny6dAnCB++P6EF7IECoX9IKD5pSL4tMMpfrpSufzuR/hM/tH0Hn+hywdCPqS9Yj8MAKvHD9Pdi8ZpSX03rUq0GwphhfZm4330njhMMPArqp0BSarEabBNbsOhXDdkaat2OC03/tlRszLTLvoc+adV2tlFwNiQ8Vg5h1xFkYDWs6Xo5C3j6qTBE+Z0aGeRxGkMd1aV2VG12T9e7TvdioOpNIxXLN16/R1QicS3s6e4jcmKflKHBNqVNMSXZ02PTyDu4vWHg4Djv0YLzt4ANNUMoNxV35fYPv6pZT/TMUTkvarOClVWsxu7cbnbZGWJToXovCqWuujGIkgWsffgyfvubXcPbZEyU+P9DdjcDUGagTnDiMvcrAgsyVqkNDiD69DkMb18DZ0I/ixgH6dia/W/oQLWzGl77yCaK784gl+Rw2pxiQhdMD1ZK4s38rTv2vbwL3Uk2I1C29MOMx7OwBDx5rwdQdocpouMaUivxjDNVCq+FKFr+44qt496mHwVHHdpXnmXe4QpXDEtyRZ2NEgqtldyi4AIUia9O7c0X16BPpRAn3i5khVo9xjszSKgKae6k3WxkI6SVq0GKgNqUtx0oxrilOagKSBlo1XV2CtkZES4T3YVv3+KJ3novTTz4BvW10cWycEgeHVlLUCDzddZGIK6U8im1Q91CJOVhUPGFVy4SOGvYfZYw84wtfwBLmZoVJvQj3TEGdLrI+awbQ2gE2HoElaxFc/CLqL66CW6CiDJL5pTy6Y20YouIlI1SaDctROLYLpZ//EjUKJpKvMXlXnfQaWRDlQVrGHy6H+7NlnuDogscLjtXy1j/ZgeDijmtT801wfHbMLeKaH/4nzjvxAE9wjPu8jkRN1rso7/z4l3Hbw0sQIqTV0L4eaI8096kaaKCQD5XN0nJ8N6vr7OGNLVgYNB9v8ztkeVUhrQqFyGNWuKaR5iZSgyyYN441WiG0KqGovD3nH4QTTjkJ3bSSPmo1wyGSTgo1xp1wIGbvpZVCZGA6jL7MAGqtQEd7O5KxOEapJKuHsnho+UoUk22MW7S2g2YjLt0ZYIryygYML13FpHGrrRmW4LOzmlqh2KKXO/T2j+rNNkgB1Z7z3nUcutNpBJkUx1lPZV16Eea10WEsWbUCmx7baMmzeOjEGLMZN9ULomXu9bIM4bK11SM9hzvxzjwLvw6QRxrtjrQikGiDu3Ep1jzyB8zoTaFU9zogAjVJjswsUVs/+dX/xi//fA9z3Jg9VPS3CE7ULLxAUQzndZqIpOGbqiyPcUnTGni+oWseUWC+3/f3WqLeiXnCK6uHRtqpKtBiVX5EFsu4SS8PvVMQYJJarNHltifRNaUHw/OiqGrpXsZYdRqnp81EPtWKWnePzVcMrhpEfZB17BuitfE6ZvtRti2o/kEKrBhnLitFagguoNnFRKpCvNYm3ad9rkDIJOVm1RIpVOjCXQG2RBiheHKMP4LvPj9FerFkG71RcOpO01CXTT1kfhoh8Fq76LeY1JlgVYkpWVSgWiV6IEOrdHs/+M1tuOzb/9f67poF5wmJD1d3mE7bndsEp71Zpz2cn+kq1YOu7iV1C8naAtZoT2R6v9zIu5wn5G6aiMDC5TX6BQ4NESnXc1lmlPGsq6sLg210W2S0rQVGlBjq6aLrMtSC7pkzkNu83la6c5OMhQI4Wr43S/b1l1AfLqE2KNfM79XVR4WNkOH2oggrwbOMi6qNFI9toPACsj4K0OrNc9FKhJaTpeFoZI/lUrE1D7VOMbZ0diETKRgK1OI3Va0DRrCkuaUanA0wPFjP0xhtT3DMY+NMi3JlTO0I4YVbf472RIAGRvTN64LWW8FGKpLtNoc+v5QbE0AzTXSumSQ8H5lqilyAMN5mcTlME+jW3Firt2k+S1RzO7QRgdk13mfttUXphrQwm8s4oQX3LM5SiCUCmQ0bNqKUHSaz62gjAgx2M052OmidzdjcHsXWkS0EK4ooDjpLMbRtDSH14iBCz65D6bkVKC9fjVombxbW0tKCRBuRJEFMzi0zXJStR8Rjph6sNlNxpahEdjbLmmjSjVJJ41ScFAWWqKDYGiLIYVtagihoWj0VoiikrR4itlWDwupyCycY1z3IsEMyL0d+2qXFHHZnLE5Qgb36qEaMrRKaDqRj0yer10Dfb7Meo+bjhpXtkNQRy4Zq9MDV2ybqKaGAXM3wsjmQFJSEF+Oxpj3wuHkrUvVdghcn3WaLVYeJ+kKMTwEJnQpRfy2HwisjCG4sIzEUhLOpgFhfFW1DTND7gN6BOuKvDGLgnhcwvOhFZF9Yi0I/E2NaVnhqJ0IdaZRiIYwyBo+W81QOCkvtEjjSFAbTfG5jlsHvpDwECxJgKFNHKhi3mV+aA6N4Ho2qRyiIiikV2664SGvVmGwxlyUKH7K4Z2uc/Q0kq3IVX7nfZ5/d4Qiesz6ShIBeoFItuGE+wCVDVgxVcco7P4zVA7yBFTUXKI0zksBUee61NajZXfpUZ4DXA/2YJbcpBDymEIoP3hdj5H+ve8JO1RvfUge1iBW1rJzWrFeEOwoJDBDB1rUMfZzP0uvFFHiA1hClFRdzr9pLKJWs4kTazrsSCu+PJ+MER0mPiXLdPO3QDJQ76Q1X5WAjAg96ZqM+1hZVw+pO91h0KBwl3yN0GJ6wNFs2ovyR7hB5fpaA6RaTjKklgp6SOi1odVqOqiygM0aybu5Uto5FFFBIgI581OLkV33vS/jwqcwRmdwXgkk4wgxhwWjWTiJqScdwyMG8YAfULCCRb5ljQiEJwhr85bVyDTY0QUCjSUnaNF3A3KT2ES1bT83Vnuc0laHKvMte6IilEEp3INrWg0hbtwmhxuC8NVFC26G7o2W/aQhOpmV2M9LE8wQGzMOCZBrzgY5ewnw2POXSjQboeut8FhFooUrAk8tbjNOgrw1Rsd5CcbYgGwU3xkCSF+rp/qXAdK+m0D0tyLtMzke3oHdSC+J0mcHKABx3iGlDDi0xlwiQYSE/gtH+zeQEFZAhST+aVBbo2Bk1+KgB2jiB1z7zNKPME6xqFiIPAq5LSMXMXy8kZhj4vv+rW/CNH/2adSUzJrA4W7n19bIbI1+o/hiSPmtT0Bf5gq1p4qrI++g9oZEOiOoMzrIsaX1NDWWjNY1d2i/m7t0RxHcu/zoO3o9ocTiDdJzCI0OFs8TcBJPw5Zsr+NS3v4eHl75CqyQ6oyLEmYZoge5qiEDD4hY31a1R7wDvl7ExSqmyYxufbN+r/qqDWyUiLRcwb0Y3rvnx9zGNMbZW9JaLkuCzrM9IxsV/Xv493HnPA1TGpPVJRNIUJltbtZ8z82kCi6PrDjPmVgl4Ojo78fSd12JWnAXQdWaphCnhrZomiwSJzIS8mJd89KQDgUw/4koJ1MFHDZXGRDX0W82aW1HCrRCmnMaJ8xpaWECBm8LW86t8MFnO2CH0p14TnQvxjJCbBKLKcVNDBWYoaJvRzLimLex02AIKNaI75T72syi6n4wPxlqwItmJ/Q6eiXZnK2b2hJBO0apSIXS1umhtZxyIMQWJFvHc8y9RJi10YYyldGFaoa/MerqyfikV62Ur3Vd4oNe/WHkJTWhYPRbyHFJdz20KB+gGNaaKlq4pWL50HZ5+5gV0My2dRWDSE85jSlsIexBVzu8K4P988HxEyjl6OCLkeAwVWnqN7fXKZDmKrdqrXHtdiue5RYgLqqUAwsxDFx6+H3rpLFxZa4WuXjpEB0XBMRVoBExBWL0CPH2P3VDMZ8kwMpYNVG4jRCwmV4VCi7RQ3cN7y1oUjYyPMu/SdLtYgkzaAflWtyOqlrJI2OIyep5mGDBxZp6kWKUpoWyHkcN/eu9b7bVYRKsNqsM6GMVfbrsDRcZITU3Xb/yEYzzP2KrlEZvpb6nPG4g8MZ6RXw898ijyym5k8b7XaFjwZCb78+bujkpe8274XYQKyjps95k6z03pT0jrUxPhH/62g4UsTNEcpRhSNFLQd2sqTMea+nzysYfDzY2oLvKOFBB5wjvUNWYPpbnJfURTSYYmQn+e0lrG0kRNEfDLa95PSNv7jhYtQGPf85kyCK30IASnF0D2mz2dYawRR+m3BbjEl7ouJI1wp9lnVdbTft+HrinCStYKbJNyMZXb2HSrv42db6IJ68/YqemDDl3iPffeh2WvrmdtmaepFLueMY9/p09KY8EJR0sTUSWs169y6XhCan4OY4v6OFrpzU485ggrS2VqK1MJ7ZOEpdlUqqBfydOOP4qyYUOVNCu2SGASHCumfo9YjC6NFqnfHKgwBrk2n5AQvJWJ+/aC70QMaNB4IestmkI+Zy5SFlYqlGxiLFtk65Kcf+IxtmST4HvdrIzEW60NPHzwyRfwyqurbP6mPIraoGn2PkRvJr/d/rObaaJzImm+Fk8V3waZV951/0M21BNNpI0PvsWpXupnndzTgTpRsKYqyku9gcY/h56tPDyIw+fvi9k9Df+imEzS7yKIPGGSLHFuNOBt+8/D7nOm0q1LuppBS6apO0gPYAHF0VHC7TSiyRRS+kEjuseq/Ldck9zrzmg7DBHZM+gqRBF7XYp6zOczRyazhtDTlcIpb5vvuUtLFxrPo2JpqoLU5jfX/YEFeac1f1Md4LWK3KVe/fK8hr+NkY4b2xu+a5B/3qZEEKbbu4Ut7bjlrkXYrF4+dcQ3Hmy/Bcv9IQRQRxyyP68n6uWml/N3Snp2MYPzTjvJitPEQbk/vd5tVkuyGOeThCdf2pMI4eTjjiDDJGW9Lhu2OGLvZukUr9MsJ83czQ4MEFaTqyyvnKMWNncNTND4MfK/m+AawQBNk7P5/HyWXpHKb1mLjiiR4gfPxfQu1lNLC+pZdFteuqcKBvHq+q247777EKQy1Su8hnUUE6VUmhlcphtqYADiDLpKf9PnxjYRNQvSjvlsJd4t7Z14jsh18dMvyLkb/3ylqdBTyE+cftLxaGfSXyupT2ecxU3EI8pk+pxZWMCQpZWaZDwi/aqWTzbnxMy7iQQBTj/1JMY79ZIrmLKxAgFkIrlA5NaKUQlMn+ka9ZKHljwMRSMUrqcRzTTW6Ikq2aBmxqizR5u9BMLzNSKzrvYY3nvuifjgBcdqLpPVi3DR1lIx50fQUeK1f7n1DpQGh204SWBJwqwVNZ+FySx5VmP2o2c1P0/knxt/XjT+nJLpQEId8QQSKpSx9fZ7FiHbiBLeq2Zqh5a6AU6kEew9dzaf3VgPzKcJnmVE4Z9z9pmY2kFvZrDXu87eTbAj6Q2txbSkQUJLZQbSg/efCy1+LelLsLrGF9zI0DDCDMyXXnopPnjJJfYD6ZrvX2PAth6P7VXobyRNu9NK5SItXKPFOM9YeDz+zyUXqzuQQmH5Zh4Bm8ZnascmZHIF3HLnndYxXaU71wi6VsCr0fLiWopYFqp0ZBxNJKwdkWa46cUUpQb2M2TJFjz57BKMNBY49Q0h6jjIZXKY0pXErBnT2TClGXyWnre9Z+o8ZXLyiSeYq41SIW2gmp9i6rBokE1daBacAq66Wpiy4n++8CkESgMojPYhNW0q8v3DSDoJREpMG5ibvGP/qfjFp07Bs9d9Cb/9wSU4/vi5SLSXbVG0cIECZF5I38SSWAUNmulduBItV7Nz+QzzGnKHGu2VwDUGJb8X0I/pZRCp57Hg4N1wzTc+jR989mJMc1zEKiOIa45mUI1wEKsVbJAzVw3iiedexdOLnmDOmLD3yrWkREnxMt6CTLFOpZRJeOs/7pDEPDHfNtbPci5tLItb0KmiwLywXGthFaawHXGsW7UGt923CINsl2YZl1mGcsYomR1lcV//9L9gCsFLZZTl5QaQ0s9yEjCFGbxjDDsBJtstzIPjjGPHzFNs7Db21JlwBwNUuorAIR9FVKw+zAkXYRNkVqIcZOOXr1qL11gpXopwugVFanU9XEXRzeO8s07EjJ42JKj9++w+j2j0JHzsvRdg3m6zccBes9Fjpk5tKY6gmh9m/jeCSDWDKmE5EQ4rnqfhUHsjLlLxENqYSLeno9htchRvP+tYfOGS9+PDFy7EIbtP0hRKs6CIup3o9srUQi1jrxyzKsWjlv7q1zfgscefgRtXDkgFdDRK4U0F9Kzt9UoqmtDaGhbDbxt7n7zzgYDecY+TiSyLcS6ViCI3uhWl4jDeff6ZzI8ZXtQ1RlaHKUTFU/UWLV+9HkuWLrMfndBqQXQr9Pgs07yedKSCEtHkt79+KVOe3WXQigB6Iq/xfqdVMwNyjHsTL3tIhhZqNFHC6d/d9igu/cq3kB8somPefhhcuxFodxApDODmq67AyQfuwZijWR9kDoVdoNEE6OWkLVqKMEfLHBnNoL9/EAMDQ8hlC1g3lDEGyk3Lb2vGmIY9NCFG778dulc30mSMOmf02pLW1o4oLZHOsbZ69bhYyNqKeOoortCaN7N+J595AVat2QK3pYMtpitTB3OMEF19odbVI6azAL8PbhyNsUI9JW8Qms41KKAuKzWSZbLByrdG+1YiWNmKRx+6C4dOaxcIt/L0CrKm5VdDcdy86Clc+IGPU3AzmEplEZs8lYZAATIx18Ks5aGtOOSwg/HQtZeb0bv0RIkYXT2tMRQNI8sURH2XkuXEgqMVFBnQg/E01g6X8MnLvok7br0f0Zl7EkkSZVYyiFZHcd2V38PpR+3L4D9kwVhLYRRZnCPFFKMtg1diampjrBCI1box9pknzFi4NbMyBi9WaC6KpuiFZTEsQ2twCRKrh8cCPy1OQKBGTfnNDX/FP118CUJtvailWqlDtDYtbKOhIht+8Z4wXmQTNX+bxfnUJDRSSKvbZjUomjQZB0o5irGA0sA6fPJTH8GPPvMRKpQGYJmi0K0LwOj3ENaPFrDw3Hdi5RpqNOuX7OxCjriAroQ5JxWZBnPVT3+M9x42mziD95JPQuxFxVRZNb2Mckjl0w0WjqegvZMt+DqtLYoLzzkVPTMmo7R5A3Mh5kp8mGYlh2JaTY8NiTEmyYWxgQ7Fo/Ue1fUkN6BhCXXABlh5vVgSpSxTgQp0ZwolxBmjIhXC5BLNn7mLtvyo3jMX5Cdyo4suEdXmeW+F1qmuIHVt6de0ZG323jSffMONN5GDfC4ZosFOuSH1nSr/8d2j93cbenyd0HTsb80kfzVGOtasfpZEhkpZtSSIpn4oAsXau3H9H27DYJ7SZKzzHqtXtmTtLrpb4rZOCrTwG/lbyBHqmwR4P9t9+glH4bhDKTQqhWao2Q/gS3g8Vq2sHNWbxxMKTtPIxQD9loB0/ZRjD8WZC442b6hVTBmMMMSKP7hsOZ5ePUT2U9CaH1GndufqGM7SV1fkCulSWY5pCa8XTxTrjdgqzWXR1ED1iugavcyoLZFuJ9/jVIYwgYYYELI0QxZYaO55oLJofOv5F1/Gw48+hmBbp1pJboZtIFcu1RZEa5DNl1FnMeth+ZoQnr/pc2MTUzw/QTTN77zreWx7Yqi8enKkomQ4LStMl63R7kAgga0bB/DIsy8Z6Le5l7JIliRha4rUuwnz1a9bLIwyz2R6QMWQ95jcmsTH3/d2tLK6tjQJ95paqOVHxCMpqX63SOOGNfVlTgROCtRwTSbVJBm9NhwlY9MtnXh1zXqsX7/R3E+9byteWr0GzwoG573fhEmkWhBNqXdfE32oiXy4hlpsmQeWp5dFlObp3Tl5I5eM19oknkvdtqnCxu4GExXf9E2YBcbpP/RP2qytwGuv+tVvcf/9i5lbtfN2rTpEDRPTImSV4L9MY8yatG8U3kz+d9y89ct0yr+m2epIQsCsoRRPP/MixdMtFbZLllarFnDSCUcjofaa242QF2w/Dye3t+PRZavx6ooVdOUxCs7VXFx86B1n4uJzT0KMSFM9MxJYSR3Zai+ZZktq6ZmqEtHOhDEuQy0hyKOzq9AtZhBkkC+wQl/58e/xw59dSzjeQw0gwqPfy25ahVB7AskEsOe82Tj4kAPxvhOOZMLcgZ7ODrQkCMsbTFKvtxa1ccJp+yzGT7RHLWPW6kmXTBci1OQTdTRT69T/pffNlWcOE+Weft678OTS1xjr0giluojO5S4pMCqYvXwpbVGLZe4GPOQ6mmgcC2z45nW07bPYpSl5hWwWibY08kNDVr+WZBqjm/QKlsPqjeKFB2/HzDYaANusDCdCNFjO6128EH73yCv48Mc/RU/leaHZ07px9x9+hTltFA1Rdy2cRL6Yp2Wy/uSeUoAY22PKkS/ATVDZJxJc2WUQpCVUchQOU4KspqHRPw+wBhd99CO477EtiHb3EHwWYb+nQ0isX+9QJ2pu8yaizilw0klM7e3GnFlTsPfus7AHU4SZUyehvTXNMj2Etz3Sq8dG5tbINDLcm9qnPR1UXbkSwQqByjNLluLTn7uMRkB31DnJZtChdyrbSyaosaYNXhz0jUwvuIgmaLrR+MWyx18X0ACj3ChP+99p7o65XFKwsAWXXvLPOO+0BUhSz5RAVyuM90SzGvZam6vgk5/5HDYseRF7HDgPP//2F3HsQXvSE2nhcf1q8Y5Jv5g5oeCyRI1Jxpgqk+iItJbtrHITCF65eTPO//h/Ys2aDTRfai4rUy3SV9dKcAnR00Q/o0q01SWl5FcJqzber598ESNdWdMOqK5p7CQTllmJmNQQJj9rfE3pg9521Uv22VwR6amzqMExRJjk5sIEMCY4AROxoSE4zwGL895+PDVYYcrSoImEO15w3jU81xAcBl5jyNBISZbKnWOeF7N+Uv3kWtiJI0MLTbW2YbS/H1/614/hMx96BzMs75nqmt6xWvOZfJZCyBtII9JqWoQup6wf7hHvKAOta7zHpEn49MUXYko7A/LoAIEbGUPm6MfVLZTQv6MwyIs1vE/UxABclwC5qb3aCqX6DrdSNcK4SDSp+Ys1NrgW5RazrVwnaOE1RaYJWik9z3jjMG/L5MsoDw7xelZWHG34XSmKH7MmJDHd33xqOqdS/O0N122HkpNm0G2orkTWFmZSGGY7iCWRUU8ww87opk046fgj8LH3vwP6LSQxWJ3hrwOx2yFFjAkFpxcB8wz6qqJe0a1oUWnKp43IT1Z48dnH4L3nLOS3zKv6t1LrmSwzQdSCz5nhIQblGuJ6Y5PRWL+IFaIGq/9OKwloU0De0WaTT9UQbrpPGu2BP+E4BunWTqIyujMyR7lUTck1kVewU91EZLEJzeOAXNg2q/H22x0V8B5i1/jkW9S2MiY+10y5kSzRQZiJ9iSEW3qZxiRRj7XY0hwRLa1IJd5rv73xzcv+Fd10aIWMZkaz5ozFBuR2QgIrE7pKjdGOZkfQEk8y7yIkL1eMgYLs4ovm7K4bzOGzX/s+bvzz3dbJGtLQSY6JeJ1xr0hLE6Q0UOBZpHIqDdXYSng1L8HeHmldYyPBfT8wNVE42YbSCBtLIKDlgDXYGmLSHUt3Iqef/kwl+Cw+W50AFjHoKiVLyzUlJI8522O8dWKPo+ZrvWPPVTZ/9oUeJ6pV91StIuvnCaJOxWT9WIVmDXW1R3DVj76NBfPnMJEnn/UjU+SXDQpbZ8OOSd5wQsHRsbEydbpJxhLNo2elckRR1mNBxtfqTJidNixbP4jL/vMK3HbT7abxBlPFaq2gqmIlPDHLhKitwbjwtnGlicjmQNqBx3y7T8digpWTsBdT1F0mBtWlGIpr0SRC6kNU56C0Ul0PDWHZIKeVwfttouk4amKDDRuRJmCNUV0xkFKT4LZdw3M65Gf1gVdLXgrkaLiL1bMfkKJyd3W248pvfx6nvG0fOKxHOZthqtXO2zSQ7TXX2rkD0mMmFJz9CA99o2+2OraKkTQ9LgSipEDUunEee2ENvvTN/8JTz79gb3PajyoImIhUNP+bK2Ij/EUyK94I2nZJv2IsFdA9FoZpqV445v1WBi0s6hBBEl1Rk2OaSOQkGO/4ICXgUlpdZ0FX9+lzY8/a79TifMVpouZr6ST5tyGoMWoSnNIYdQDotMYD1ameH8Z+B+yFC5iAf/79ZzCdGES73nVnWzb2DaOzp1u9nyhRkDG9NbsTmlBwqkOlSESpqXdsf76Yg8M8xAZOjUq0eBos8w3Fl7seWYZ//+Z3sGzZq7Bp5XKVIhVtUF4ParCexzUh1R1QiLmX1MSshNaknnZzsbIsfR8hMtWkH5atjmktwBmOp1GS1uoaTY70BSeSn7SytOcmsDQRNVihRLmZxrNoZ4LTz65p2oW8Af0leediSmcSF55/Ov71YxeiW6qbH7JJToF4O8hpG/0Kk6UxLTcp77UDUnUmFtxOyFYPJ3jRfPnM6Cj0m6PPrliPf/rUZVjywjIEk600OiIkMk75vo2g03fbb3wz9woEGhbXyKcsRRBDG6Q5lkYUgt1v/PaEpphVp4v0PjTu8QVih4prO4kTDei2vaZLuZrpDYKjLwyy7nW9elVV9xfrxs+2sp2uzTNOt7VScDzYugnT507DZR+7CO899Xi0aMl59ei8RXpTgrPgKJRYLRIlElm6tEYiyyWrttpL+nc99ARdWZTYwXupz/th9wAVSQG6AteveJPgRL7w9I6ZJ0x9ksBoLbqWFmXnddy41vaNY78cctbbb4+2g7l9VkjdfJqQPWyD5tbIiwjCy9qkzKqvfgkyzVxycPUqnq/g4KMPxftpaWcccyhmtTG5lhsd81xvnt6U4JhG0XW79luoWoCG+ArDGaa/6QRWbxrCF757JR546FHmKn2ITp5pyfKIlqdlYt3WksCwfjuM5AvnDYITsNB3Epid00XePR4JrXnX+vsxoYl2KrhtrnKi5o+3OJ/8awOZvE1dsDo2ztlCPVQI9VsWh7dQOHUcNn9vfPxD78H5Cw63DuYglZhO38t93yK9KcFlWYE4radCQQi42VsqBDRaacGJOVibqeNn1/wW11z3Z/T1ZxBh3pWIp3h93pZnsh93IG0TmH2wY48axzpnoKLRUD9OMeXwPm+7p1lwzW9/TkwTWxxvtJ2crU8TsSfB3FDKap3l/OyhbU0RZyqk2Du6Be+44Ex88F3n4ogD92KCTXdf128SVUzgNnfnLdKbEpzANKvCrW4LtyXirDgro1eM5DqjzKnE2r/e9xQu/8lVeG7xs0DPNKS7e5EZIcLymdzEbDv2P/o1MqGJKLixY9EEcL6J9KMWOyZPcNtrelOtxuj117J1Ug6CKPvtghpztgzhfrCKto5WvP/kY/DO887CIXvNhMP7yvmMDVd5SLPZEb95elOCqxucVwW8Kug9Ai1JGIuE6Qb05igrql9MJNRdvGQFfv6/f8ZN9z2CvH4DWi8nKrHx6XXCa+zHqsQT9r0E0SQM+/Xa7ZDu3ZngJuqrbGKD367tskZTNZQoa2Ksrhmga+S5Q4+cjwvOOR3vP+V4dCRjBu/z2VFEGbPDGrFgsYWSFobj8VukNwdOajkbdtFvDpToIjWTyZ+/XynmrY9zaLDfXIhWfR0o1PCL62/CdTffi1fWbmKCr/zFozGv1mRx22b7UgAUgqF53+IE+ZtXLZio+jtrkR/Ettf0iU43XZtKaIUjgrIcQRdByaSeFhx7yN646PyFtkiNTRaq09LoGiPkk82co67KG5XoThNKmd4ivSnBAVmMjuaZ8XfQ+vRDPfQa4qv6IdnqgULJkkum8ChmRuEwoSwHHDzwwlpc/bsbceNdT1gpzaGouRIRgo/mLqqxXg+SYllNgVXUXPXXHTf226Ptow/bBcfFyPEsCjFWU15EyHXMmzsHH/vAO/Ghdx6hH8smgh6BEw+jWKjSPWpqHRWPt6sEL7QxHSLP3iq9ScG9Nfr1PU/jjzfditvufYRIk2G+YxIbqUU6KzZEFGHDbBKQupbUeazhGcU5Qmm9NRSl8AzRNfhr7/awGQIMIjekWWfMtXiBRo7VfadrLHHmJaGIupj4qSY4z2cYC5SbBblREfMDcBJe956WJ1YqEmIct/poVlamD7PnTMc/vf0cfIAgZGon81b151JttSjN68W+a+jvIjh1Ma/fmsP9jz6Dm+9ehHsefAKVzf1aSh3JnknIiZlkaqiiwVnjm1lg2SyF38nTmgXqCwqC2q8pfCFavC7JatoYhR2if/J+S4dKoLzT7uc2qA5qxSiHLqyRetCN2SKgGndy6MqYnynJ1vyPSqUAVz+zyWP9tsAlF52L809fiP2nd9iPv0eJMvW+t2ajy+cw1O9y+rsIrsg0IuLQwni8YTCHh59cgkVPvIAHH38eK5a9jFCq21tVXZNmhGNkCWR8qEwGcSs6rLJZnQZKA55bbcrzwo080Xshk1blD8JSEGZVSb33TXfcEJSNg7Ece+WMgi5WCB5sbTJ1WRVp9HXstcdsvP3cs3DmGadiZiefzVuTfG5Uz5YlUonqtHB1XdlvBe5i+rsIrqLlWen4FRc101ivGGfZ4EeeXoEHH3sKP/z9H6jhFQQJasKa5UUEV42GUbAbgO5s0ARrE4nJaK0no4VFbQhIFmYDU01Ei1O6IuuT4MqjFAotzuaHsEwtoqPfQ7Vf7qe7TrS0cVdGRyqCIw/Zn9Z1Mo478hB0aPSFjxAQy2dzSFCxtPJ7XUM4LDscdVAmrtJqGbua/i6Ck/7bLwJToxXTRGGiTwlQ3xF44Ymlr+Av9y/CHY8/gRVrNhFtu0yD4kiEEsjoFSurtaa90dXRbVp2ZHvxPu/1TnCzxQYa1hUgmFBci3V1EvGVmF9lic8VD1kXurpUOmFQ/eC9JuGUk0/AmQtPwpQWh/cSJRZHkYqyfMbcXLaKZNLrRLDXZeUb+eyiRlWierl519PfRXCjRY2oM17IFUoC1G51SqvLS+Et6+hnvzQFXSk+sGZzBYuefh63P/Ionnl5Gda89KoX+AgkLJ/SwKuBGLpAnk/lIsSzdeaRdJXq+FV/Ii2cjpJlBlDRDw7R0qKpBKZNnYz99pqHww+bj4PnH4RZM7owhSFONStWcuYK1UvkqRvLK+QQjHehxFRAs6o1JdF+2ZLXaRab5rnoGbua/i6Ck4brRfe8prmT+XJXmjktxpjkBBcZNwgJCEhCRIkeUlMXo8JVZqSI4UwWa/o2Yfm6dVi2+jW8sn4d1vf1YTiXwdBagg/5q0QM8baUrYE5qasHk7lvT6Zx7kEHoC2dRndXB3o6WqHJ0fJuQp1VKlC4rrimYSydpchorVqSX+diljwHvets3FBAs4AEE24NIit+x5203bcr6e8juNIQYxLhdiQhJ2W6rPiulWGl29RdVkwntTVVT2hRJMEaeYBASE7xjgZrFhrS0i16fZiFWdk6x78a4NSoSp7IQqPUeiFDQ7SaSWzu0gZYNb8lyXP+GCCtmJ9UhibpaIw1ohdRaOUqWxN+9TveNd5br5Zs8rA3Z3nXUoCoyzgjVCUSClMAl5b570vr2Jv/Lj6yYbxG3/nUfE7H2po7UvXZL180/hr/Wf6xyC/LoHrT9R5K9FaIEDV/J/Lrr9Uf1HOj75rr1lwPWY3O65x/n2j8cfPzPEsLv+6a5nLHH/ufm5/rk1bJtbWtSbJoe1mSpLJFzffpuTr26gH8f/pe19v5tX4PAAAAAElFTkSuQmCC', 1);
INSERT INTO `empresas` (`nit`, `digito`, `nombre`, `representante`, `telefono`, `direccion`, `correo`, `pais`, `ciudad`, `contacto`, `email_tec`, `email_logis`, `content_type`, `base_64`, `status`) VALUES
(34645745754674, 6, '19D IPS SAS', 'JAIME OVIEDO', 4565464564, 'CALLE 49', 'ROOSPINA@GMAIL.COM', '', '', 6756575675, 'ROOSPINA@GMAIL.COM', 'ROOSPINA@GMAIL.COM', 'image/png', 'iVBORw0KGgoAAAANSUhEUgAAAG4AAABuCAYAAADGWyb7AAAAAXNSR0IArs4c6QAAAARnQU1BAACxjwv8YQUAAAAJcEhZcwAADsMAAA7DAcdvqGQAAAAhdEVYdENyZWF0aW9uIFRpbWUAMjAyMToxMToxOSAxMjoxMTo0OXUsVS8AAFflSURBVHhezb0HvB1VuTb+7Da7n17SG4TQSyjSayD0asGCil71erFw/a4Fr17LVWxXbPfzooIoXgVFVEB6Cy30FkggkIT0cnL67nX+z/POnpPN4STxB1/++iZzZvbsmTVrvfV511qzdsAl4R+M6nBRrVZRq1QRRADRcBQIBvQFN/6J6sCn4NheTanze5eXBgIBBNym6wLbjgMB756A7rGjoBVd5f21qotExC/zH5f+IQXnV4j890gnxFluqm0Ao3YagRB5HgZCZLRJS3uXh3U2zLuEUuKfxgd/Vy3YoZpeazwlEgwhEHa8awIRO/ePTP+QgiuVCohEopQDLYHCKteq5H8IkbDH5BCqtjcra1iLGlHTngcmK33mCbdGC9TJur5weS/tLFRFOEyBN64zu3P5jCpLqvOmaIv3xT8w/UMKzjOvIGp0dWUy3A2J3RQgtwpdKE0D2VwVWwcGsWlLPzZvGUBf/yCGRkaRLxQxODiIEO+JRhwkE3G0JFNIp9NIJeNwHAeHHbIfwtEwEskYkvEwYjTcOMumvZEhfHbDlf4j0z+m4KoVCi1AgQVQpwsrsIor16zB4icew3NLXsQtdz9HK6yjVK5SkIyHdTI6SPcmhtMyA+GQWRoDJXVAm5pIS2OcVOyr5QcRTiXQO6kd8/bYDYcdsBeOOGB/7D93DqZ0tcJpWOI/Mu0iwVVQrlRQV6wIR8zdheimHDLNJSODjEsCETX6sqDcFwUkxsqViYYQweoNo1j89HO4+8HH8NiTL2LLhgEKIIp4LIlqqGACqDcYrPCmTeTZ6utpfBPdcBmBGi25WEXIDTFMhlGpVwAKMzl1Mv797KNw0IH748B95qHNCbI2rLNbQqBS4N11Pr+7UWd+4gOFm6pUNj3HoZX7LnhX0q4RnMtGiH3UfjGyUq0hzI9hgoY6Gxhkoyu0lqobhBNPWmyqsBYrXtuE1WvW4fvX/AZ9g0NYTxeYy5XImRjRQ5LxiUqg8BbxY5xHvtC2S+ObWC8hwrqFKbww/8mtZkpF1qMOJ92CWmajxb3Z06bg7NMW4J3nno69Z0/ilYybbFCM14lt1QqFKYWMytEG2U4KlY+K//+ASneRxdUpmDIbWSegCNPCCOqNudRyWmKxkkE82UE9jljcevLFdbj1nodx96LFeOnVVSiFyR0CEpM6YxJoZWFZLrlSL1PMAYl6m2IHGy1oGOxOBVkTlqRbDUgK/C9EWVX6QQ8g0FKNpahJtMBqEQ6l1dmawD577I5zzjgVZ515JKYKyLKcABXUCiALiyV6mFAMYSdisXJX0y4RXJ0WJlcYjqh51M4mplCKKDIejRZLeOLZpbjj/kdx38PPYPnqzQR0jE/RNGNbhYg8wvu93KxaLspsPcuRXxI3fVLt/RaMtWRck3yYOUa0CNbDcKhQpMXGoIc4eW0lx3o73ARUamWeY1vYjgjdRiLq4IqvfhKHHbQvZnWniUSZWtBanWSC5TG2smzlh7uadongysUKfT0bzvpXinkDEvFki8UkGdH9yzfigQcX46Zbb8eyJcvJoAhCrV2IOAlUeG1NoILVYuXIT7ozMkwxxQN7deTpYkW+OBTvfKsTVZsSb303ntwsXZw8QTRi1qdAxehr19apYJFwErGYg2qpjEI+y+/qiErplMQT6BSH+nDKGSfjg28/E8cduh9601GKjHE9P0rXnkN794zGk3Yd7RpXyfYpWJulMDmOMI7JqSxd04877nsQ3/nljciMMonO8ft4HKn2djIrilGeqw2NwGnvIgPpemi5AVmEeEYLqVE6+pfMNBJkWp+UQQy3RsgaSeObNP5zLRU1AYR5vcBSuUiwYwriucx6IctcjsKg1Sv+qfwyXb9bLdu5GqMchvpZ9zDOOvFIfOjCc3AMU4zOhDyM3PiuT+B3UYyj4MoVz9URBAwUarj3iefwy9/fhLtuvwfBzjnmNsX0Ki0SeW7ieZKaTmRXzA8jHHIQCYU9V0nh1agALl1kgFYSr7fAbQitrr2lDV76QC57gvSbNX4vivA4y2cSTISEJgp5ylzolgCDsTVKIVYY4xSnA6EIM40waiUBIl4TiyGq9IPuJJ/JmSvdc+5MnL3gaFxw2rE4YO5UUC12Oe0SwanRogi1c+PWQVz9+z/hp//7J2zemkGoZxovCFnMEwXpkuKMDw4ZEqTGSxhTpsQpNJ53oohEiSaj/C4RQ4DWKcE9ShCnSpvA6Ear3NckNF9wFr88suY1b6TOAuPuSB5dZH4vEatToICqJfMSOQrRGc4ZsCoUSsjk8igwhg2PZilfpQNAGxVtOE+0G04gkmpFZZipSmkYp514OP7l4vfhzCP2tOt2Jb0pwRWLRUTJaLG+TMuKEkmp46nOXKhKLY1Si91UC25eugaXfvu/sfqxl9ET7UK2XkS+zcEkdwTxni60zZqF1OTpqLV0YCAZR19HEiMtDupTOih1+kcCAbksagCZRGEYiADSLq8hY6u0kho/S2ietXn1S74+WzBqbmaVliYE6se/AN2mdU5zs3LzdIk6pqt3Gbfo15EeyGDGxiIm95cwWNqKwXWbsOW11SjwO+Y51KIarbeKRCCMf/7ku3Hpey7EFFa9lOlHtCWJEv398EgJPS0p6ZY9RyTE7ZPq6NdpZ/SmBKcbcvkcwV3IupBExXKJfI5SfEH0E2DceNNduOZPt+Kpp5exdq1ojaQx4tTgHDIX8fnHUTjtqM/uRbkzjQqtiL6TsJ/xUGCOjBcO0F4JnsucTxmA0gExuQbGFzXc+hZ5jvlYiIdBHutzuZEuGHJsWKCXknhutKJYqI3xyxRCndT+XhvTDylJhKwRe6Qccs0hFh/kM1vXrkeVsTi0pg+R51fCfWo5Cus2ohCuUAmjmIQ8Fp54DD5zyYewR28HhTeCdCptZQ5ms+hIpaxcX1DaS5CqY7Mgd0RvSnBiS4loK07ITAWjm68i6CSZkwWxsX8U37z5Dtz5p9uwfslLAF1JR9dUupwSKpNbMPU9p2HDGWfRksQkPpoBP5UpIDGUQbF/ANnhIaTYuGqRKUS2gDrvC+ZZPmNMoERLIeMcggk1VO7WNJfC8hmhzwISvuY2C8zfHIcuVwyilrjc6lEvdoZo4SFauixZvShoaUGgvZW+tR1udzuK7WmUY2owy06HKHcX8acptGtvR23RM2wLXWkqCGegH+VqFkcuPBaXf+7fcNRuTN5LNbpcAq+WOBFofKy+ItVZx6qrwNDfQm9KcOr4dYS/a3lqUwbRNiXTUTy7agN+evVv8avHCPH76PddQuu4Q3GGUCJCxL67Ya93n4WXTz+KpVAAjCeT+nPYs7+CeUMVtPaNoDIwhA3Dm1CqlBlvSsiVCrTmKgqMm2XGIIGHflq731iKjZvXhBr3Oifh+oIbLzRRQT0mTLoTBB6xYNi2RNhBMhJFLOKgo6XAUJBAKtWGlngLoq3tyPa2YvXkBNa3BfBy+x4otZiDQInW5/7qFuCeJxAhL+hoCTbjyJYpxKEtOODwQ/D9L34Gxx84m/nhMJwoaxlos3o016tZDH49d0Rv2uJsaIWISu6G4sGy9QP48S+vw9W/uxFufA4SYmagRKchxEg3E6Ib7e5CdE9+d/wpcGd2IT+7DaWk5xujdIkxuT4KqESBU0LkcAVBbUWmBbQ6lyBCbjNcHrG8LUQBRNwAUV4AEV4ekRTZnKG615fpu57mTef7GaNlaW4sgjq3Kq2omqC75nGAFue6BBxJfk4xDDBNSQUiVMsgCqxXnu1Wx0J161Y4G7ci+twrKN/3OIKr1sIhwMnXCqjE2pmoJ1AjsCn1rcdu+++G7339szj9kH0RzAwjkm4zQfmsV7180rldJjjpeZUMDltOE8SydX34xhVX4sa7HkQ9kiAj2xmoy0R7tBK6FMXBYK6GojoklUOlpgC7T0Zg75nAzF6mB60It6VRI0CpRkMMP3RdBv8dj8F+WuTXtLldPFa4kneTMHWNRgzGiEwQH3xeaE95Nz54O1MCCl1xVVS2vlBaZbmGOIFKXAl7roASPUSWHqC6Zg2wciOCr2xAbF0/anSNbpB5J5tWrRFtxrsBhow4w0c4GiC22YRZe87Ef3z8o7ho4ZHW5ymS19AmQf2tLtKnNyW4aq3IBzkW055fuR5XXnsDrvkD3UW+huRuc5EfoVaVGYNcbtJa5j2hXBVOJM7gnUCMuVueAKLKHE+IMUwEGmIcKXWmgFZe30lXQqQajicQpKt1hSxjTIgZg2QR9VYm6KyHnw64BiwkBTaFu2iQ1+sTmzbmUht7kUN368p103plwaEKmcd9jQi5XqkisnYLvXwVJVqm5ZiMuRjmNsC8jftosIQ643ItX2S5FDItVcm4WQqBWYDn6iwPxRLijJOqV2HdGsydfyC+/IXP4+3zeyxVkrBUJ22+N/hb6c1ZXJ0VJ3NW9w3j8p9chV/+4WZWvhUtPVMwqtiWKsOpk+EUXsUqFEWyziSWTypUmUoIJss7WEOJ3uhxIxWeoIUJKBQDRVpc2PI6JfCKYQHGoRBjkBpcSDUaqP5FNl6dxNbwRkuKzrYm+YwZayb3UYIa5Zp1CkouWUjVxu/0WRtdZ7BE100wJIEXI3weFSPIz5ECheKWEBKC5vMrKpd1C9Jd0+gYNEI8txmBNMGaTJiuPlyn16lHUJHSpWNYd91/egO7RJc+qX5vWXBVde2QIXVaitoTZp4iptfYQB2L+tmAK666Dj+6+vdsa5iurp35jxJU5jNh5njqb+T1LIj30FJYqTEUGKE70WOtz5EbGS/BeHEobP2Vghx2jfnBxmbRlUUGGT+IHK3jmeWrx0M0ZlUh77rtkurGZ4aofIEwYxzrHaHFVIrqCaEFOm2o0SUqltGerRssxrw1PzRoQKzEfNSIj/I2Ml17kmpJP+N94JF/3oiClJKEYiE8/OerMX9SEsNb1qOzd4bdkRnMoL0tboqwM/JaPJ7ELH5V0XgTH24pD89Q/8l8wm0eX//HW/Gnm+5AWT0IQTaeriFIlxUhI2tEm2EihSiZoXFFaWiVgdvVvA5W3oFGmdsQDbVyS/NznOCCrqbINJ6xMFrNE6yUESMTY0xsY2xshEIP0oKhNEEMZrIfDPM8t3CwzhjFz4wvobpqt2MKsVKyGLlyxWpx37q2iCQjybSdV/uVqJc10iFdoLWoX1XCeB2JVU2WIjlJST3rUZefnR4j5YMVJvbf/cH/4PFlr6GdQlPHdq1UQjvTjVpJ9dk5TSg4JdEGscUwWRgbUidTNKzhULtvf/Rl/O7mO7FyzSYkuqcgmGDOQ3+u/hNrpayO11XoUisjQ6gXmKwnCLuTMYke5VqIW4ApAl0m44uYo7kkNQqW3zJ40wWaixXi1MYY4ipu8TmBJC2alslqqSMlxANH7tIJIuqEbdMA7o42TcELyQvQ2kJK/LnJo8gZVKjtsq5YS9qLsUSHelCFF8gjuDYMpIe/XiISyDaBeeQLb4zkYbRRyW/8w19w1Q13YpjPlHcLlBlDiVhp7961O6GmUreRGCa3E6WrkBjVESwXJHNeu2kTvvzt/8aTS1bS5aXMLZr7o6DEbOVuhIMoEYnVyfD05OmId3TZ5wKF29rZxe8zfHIeAYfCjhO0xMuIxDTUMkIejSJPV52ntReomUXmbkUJlg2qk9G8mG2n7YvZrKe+yxBE5ApErYyj9bAY3WDs9jYKoUxr0jha0CBWhZpOxvG5QpjFka20ijw9B+OTut0YW6Vc4oEXWViGTEmaw7u9eZr83Ng0JqerRBKea99vI0OQ4RRuXbwEP7/+bjDbsfG8wsgg+cDn/Q00cYzjFqD5hgxfU0EKBYQSaazvH8bPrrkW37r6LrqNJL/xKhQiQ1XdepmuSnVPdVmcdFmG+vBANymm8ELEiBIPmjcVra1pTJnci2lTetHT3YmWVIzAg7bGoDBUcCmIIvr6B7B+81as39CHdRv77HM2SzcZTdtzFRcDzA9pCmYtZp0STFXau32Kt3SgnMugtnUDEq20KrZY/a9VuWKWlUioByWOzAAVrKWNbpVZKRXIpddx+H3JD1zaiX38r2aLxLKalLdBCjXbWOzFPGaPCKXaKagsZk5K4+pvXIqTDtkDucwIEi2dY2XtiCYUnHpGgmS45ogIZMhdCHb89tYH8e9fvxxD6EIymcTIMBvGGJFsa7MBx3omi2RnJ7OCiI1zQeNabgWzpvbimKMOxYnHHo0999gdB/ZqngeVzlPQbQFcjWYMrVomzaLZwCJdab5QwgjzqEyWCS1jwZU3PohXVryGl19dhSLzLKQ6KMt2lF0mz4LhjLE7JE18HdpCdFvDO04/EfvtMcsGfgNBx7o/c5khbKSSXveXOzE6Qk+QIjOpEEGGDGUeRetEJTXqva3+3oG50yZ6vfAoOLa5HnAYq8nV3DDe967T8O3LPoFJLawXrTzEeLszmlBwAnUayIxIcHxsjQ19ZOlafO1HP8MDDz1By6E7Euc9yGkjBSULqi5S6TYClhy1N4+9Zk/Du849FacvOBqzeglEqI4xSiushstE7EHc5PflZv2tRoEbImJDTP14jlRnVYVMS+pS4uOWM8be/cDjuPnuB/DCy6vlb5DumcyEl1a5I1KCnh/A/H1m4Ftf/ASO2GeW1SVCdy+WiyGvbBjAZ/7ju3jgiZcs1QGFKvBKx4iKYL5PVHJfcP6+7jYA0hhnaWn867M6xLJqzA0DlKDLkNDalsa/fex9+NcPnsG0SWDPy0N3RB5HxpF4p0rqQEE8x3rccte9eODORXAmz4SjDljKLZ6KI87ks0TLilBjE8xLsoMDFFAOH73oAvziJ5fjkxefgf2mt6LTKSAVGkG4sJ6upowyIXuFgKJKn16m+yxFmZ+xIXk9N8ykNZCma2KuVInSTdG5yIprBBRunGliHzpq/Thsdgc+/+Fz8edf/wBX/uCbOOrQ/ZB5jYzeCQWZSEYSccyc0o2950wl5CEkKA0jUi0gyeM4t9mT2tHbnmS71KvhdZfVGdfUV9pMXgxrfBij8Wz1Yp6utY3uPRLnpmeRZyMb+/HH2+/H0lc38NImpdgBTSi40XJBaQ6BYsGg/z1Pr6CbXGwuqUqXWBZIYFUKo4PcBwg+JhGNRZHftA5zZ3bg7p9+DVdc+h4cPiONhBJcJbuE+yyA8ambaVwcToUpQNVBmOedKhFhleUQbSaYO7oELvUQrSZEVxIsUl9ZHyW9QU04ohdwunhNG+JM7FHLYTbyeP9xe2M0xtp2TmNawEfRpSbTfJ5GIDQbixacoGfQd3XG21puKz5x0bnoDrN+TLoTccY9wXL+c3NDaKGwvvJvlyJSYXynh6jXGLMNgcbGrGzM0hrC08B4XScZy42B/iZwIkBFMCXgUnUHUAlXucUZYioEbB1Y/dISXP6jn6CfajOqkXXQ8ipD9A4MRyRNbhO5Vc+bTCi4BFFUlY2IxlPYOJTH3fffj8GhIYSSKfKAGpcjIiQwiKbaWEIYBYIG5EZw7ElH4xtf+jfsf+ABjBlBVipvE7JkjXITZcarEtOAqkPYGyGLJIQQN+0bx1Va4ijBSYFJvUYc3BAZxQbWqBglurgCcwgF/xLBgkgILagxQTasQmGBSNFAHM8XCKrE0UjC66FQb4nmdAZ575GHHYqZM6azng7TUM81xRjLmfhYjud9juCoIw5FeajfrM4E1bCa7dKOvhONfa9OcDKHwiyzjgWyddW6zbj94aeRSCfJ4qJ1eBAlsd41G6e0uxSiSBMKTvlYgYluiftHnl+KP99xJ6qFPDWWUFzB3xpGBCiN0YRVpgv7zpuNT7z3Apx5xDwbvFbB2ldKtJ5K0VyFMZiMKgUiGCiH8NKGQTz43HLcvOhxXH/b/biWYOBXN96Oxc+8iieWvIYldB2rNg+jL1tFhgXYnBPBZfXWsy4KjxXLG7knXCemp8rT6tT7EaF7VXLNi+TmBKI0h0QAwy2N4JzTF6CrLcGY6cWjshSSRKfItITPILUm4zj/rNN4L7Wclif0OWZm4+gNwmz+PP67RhE2JkhBVCQ8Kuny9f343z/dYROraqBCic+819ItkjoEfJFN3FdJZuQrhOW86LOX/wjXXXMdgszwIwHmSZqf0ZJiilBioppAcctmTJ89HV/85Adw8TlHoE5XqiQ2TQYT1jATKDAXUhQJY0umipdXrMHV/3urvZixYcMGbN682WZ3yRr8qkSCFWurkum2thRmzpqOffbaA/PmzcXkyZOx8LjDaCkRG8qh/JHibdQzvO3Sz2HJomUMvu2Mwy2GjkWaiudSaAIfcpMzW0O4+borsXsrmZIfRTzewufT/dHqA0GlwHJpYQsTK/tyOP+ij2H5ys2I9EwnUxVnPWsfT69nJZnceL5H/Ox/dAvkTRhhepMKfaAE6GoKfIXG0dGCG7//ZRx/6B4UJfkgH1Clwmo+DvPPkDpEiUhDXyU1imsiXk70d++TL+NHV/+W1ldHe+8kZPu2IkZ3WabLUh0F3VWhD73jDFxy0WkEH9SK3CBTvJRNbdCDnFjaLPfJF1bgJz+/Ft//8c/wDI9XvLaGQutDPkeXIFRJLZfLkrZHY6xyPYAi4f8on7mW1z695AU8sPgx3HnPvfj99b/DWqK+WKQFyR7mgHTLw8Ml/Pa+Rdi8tp9lUVDUZHVjsUB1/CCeiLHRdNe5UbzvjONw3kkH2VRyR/heSIsxMEgfq/wzqBhFLvMMY5+Drf2DeOThR20crUZX7+fTPtiYmHR/s9VxGxMchWWFNHpiuNccTyXqlWKJPBzFwoVH0/MRDDG/jERYU14WUv5kiFZ9qBMRvx/Iurj9vsUYWLURTls3L2TjGEOCDPAybyFOd3QE++xOyH/WiWQew9zoAOJt7QzmtDQG/FCMuR7V9oa/PozPf+V7+NlVv6EQNjD2bUK1QgYHGXiJNgMRxcwMXcIQtWvAhoVqrGm0pQWpqdOQnDwF0WQ7SixreDDP/G09fnjFT7Hg5DOx4Izz8a3v/hQvvLjcLAX0CJpOp+EWr9NZHFPvBhErk271Ob77vIXUdyqeXCC5OTI8atmHWOiQSbI5WQ9LQYznz1xwHC292zoYNOgrahaYf7x9Ib6eAnT11julsmQB3AdZV+ssp/Due/QpvLRygPVhvRsxzTMSXtqw4gkFxybjmRdfxEOLlbMlkYimkBkapk+itfE7m0quXhGCidOOPwIHzes15FWgYDUarjn37e3tNjXjtgeewRW/uA6PLGJZRJDT5u7JXC4Eh5yiLRBxEq0xEXUZQwUs6DsQiqvHn+kC4XmOSX0uo8SbbqOu894LINGuKXTZPXhl6Sr8+5cvx8cvuRRPPfgo2rsnSafYMJattpIxAjAlBnuQ8UcffSQOmktFYDv8FySjGmciPffsC/zrsURCqDI2Expg/z3n4MjDD7Z4/Xr3t3OaSMAaKNamWWUBwn91ktelRFXNBaujP1vGn2+93Wpnb/+Iq/QMNrrSMNsJBVdggF+y7CWsWLUWkbYuc8+l4WHmoYwbTMzLNF8wZkxivDnp2CPp9RW/h9HV3Y2i3F4jmC57dTOu/s0NeO6hJ4HuqYj3TMP6ZctRHK3zerrjIn0387RgLU7BM2di7qYRA/l7bepG09swSnq1SUut45k+vlyje4kkKMDJcBIttEY+M19AJpOhtVMRKDAxSujXcbxhJieZxDnnnmUoTRMu6urYLuQQY06Vz7u44YYbsPyV5VZ3UY3JsRqfdEKYv/8+bLOGc8jsHViWPXMH34vq/veUgVy1OvLrfJbL8oM0AJdh4qa/3o5hKqyokM2Ze5YHCSm9IDFL4hcswEMyhOPM3IeDMfzXldfS1ytFdDFMDYh0T0dRViHNkLskMpjRG8HBB87ivVVEmBq48spkSj0WRo6s/sG11+PR55+ziY7xMl3kMIFDipUIUyjcXOYyruPa9TUm8hXGtlKcaDHSZluNMawe5RZP21YjGKpG40SWRLdKI6IVJv/MNTt7sJYtC/FaOkS2JIVwhUCkI4qYevVl+oxdk+ak8dF9p9owkbpOlegHE20okSHLV72CX1zzv1i0+EU4mRKBWYjpUDvxAplFN/WRC87GlL2mAVuHmBJ5A68BMZxIts5cMZZmnaQczHE1UmB5Gy1dcWvbKIe32dQPbsL4JcVy1Y8AztW7E0GhyRBeXbEZNz70CjK0wXiSHqE2TKEW6fHk5K143s/7lKeq1zxEE35+6XoaFIumZhhSotbbED19kAKuBgNlCb3dPUSAMltfgxgXVFHeoj7GjWvWoUBXp1FmraBgWSTPqzF1+TNLaClsgQGNhymnEqBgnAloCh33Qe79TZ+1WTqi3IsWR/RjW4DHLr+rM0WJKP6yscECU3f6y6gYRyU578ijxB9z9Zovo/in3i/FlrvvX4QRgiG9jMJEVm8HUImpipqWQDa3tMZwxlHH8GLGbjZQKNWsS2N0FLzljHyuP0N7e7QzaxQZ/E+m8fRTz8go6U1oVgaYzEiNghIYUbD1KEgzpR2333kfikx0bTqApEDtUIVCQeEcFkDgEGKj586e4wmdZ+WvpYURJrgBCn/T2vVY9eoKIEPbo6BcccjVwz2mmxDUC6FjCYbWpM5sWRMIz12iUX/vb/qsLai+w7g2notyH6VFMg5Dm5NCgoKoMk46mg7BYw3PtE/twgcXnCKQaW5HZO8ksFqZYg1//MvNrD+R9EOPYnl/HxLyvHoDlQwqMdbqnvedsoBATWOB/JImKwV21J+qiEOF1JwYlWnUENDfIijR665juerEv/eBB0EsRn3n82QcdPt++cKjkgsrQiuioEo8f9+iR9nYAIXMVprZ83vlGaQAY5hmDOvU7FkzKDQr0hohNGBM4eFg/wC2bFjPciuIC+qzYkEJikKSsFzuXQoqGEtRWBJYki44aUhU78jtaHMpsECUbjEmQUqgEqCER7fK8jQHRVauqXVSq5HSAE4/6jAcOFOulD5SGk1SPivlfPr5F/HU88sQJNjZOpDBnxY9aMBGrpBO1faiw+bOwoEH7U50yXCh8SvyrqzeGoENWr3N6qaSTETbFWDTef8a1Umj8BtWrMQzS5azeLoJGozkYXzWNeYC9TBZDOW0YtMWvLJirTU62OiTtI5P9TiQFwH6ZGmErKuns8uEZpKnZW6rHBWADSrmqC7qxaDwpSiu3CH9OLE9N8Uqz69LaAFZGxtvAm1s9e1sbkTfe/cSmbCuLI/n1Y/oapP7KtRQZgIfV4+KU8T7TzrOaqYxNbl0pRtakkMivOWOuzRWw/Sj05Tgj7fey3yOVaTbLRIwRFhvWZ1C+zvOXIBqfoR8YCpO7+Rq3ictQUMxFlbI9J3S9oRIEg81IaooFEylu/f+h+idlN5IYNum8QW1mItpIJkrDHXf888Q7dGiFDNUMVmR3KXiktylchDWzUaHqQFqOMXI61gZbiq/oiluUSa80ko2UOatrimXrrYuq+N3YrgEEKAATSB0nTV+rstKLOZpkNTbpED+scVDuWzt1TUl5dIml2X7MEpyt3WWRWuhRDBvnxk4dq/JKBSzrD8rz3oqvkUYoPuGCrhn0cMAk+uqnk3X+8KS1/DUyo3iDxsqdvFZ3PM/LjjhOHT1dBCgFBtKS+IX6vmRsgb8TkXRDgTU/N14azSvJZmk0nhw8WPIFhmqZDCkUONaQjEesF4uG6H1ev66+EFzWQIJNoQhWB4k6BAKEXgReCCpH7DEvENzMTROZv1uFHBVZkmI29bViUQrXRgfVJMmqkFEjWZtBjC00WWS+S6RVJ3l1sn0mgSiyrE8U4Zxe9uoZJq+4DWee8YxJaqKrYoDWSpXkimCpsZVkhX88xkLbS2TqNoqoKKyWCcp3X0PPoiXGIuDFFxdo+lUrEomgOvuvd/CQZwKLCQY5/kcPc/stg6cd9YZ1tZSnvGbwjbUqKkQVGzrFx1HvmDGC8ir/xtJSqBJS1LM5StXY2NfP/kfpfVvc8NkAR+kjJ3PzrElTy59kXmNJnHKvUnNpGeNpJtkpqoH0nVKwwRazEU0SL45SIto7+xAinmfYGeALitMPxOxCa60BrMajThzz2NXjTV8y33DIkRv0ER+3sYEzzV7AMo7LwUziyJ6dRJpRJi0V9MBvPu4o5ErjtJNy0N49wu5CZg8/vjjcEez1CG9eC/XS09BTHn7o48gm2XbqQR1AjW9vVrUvIRSHWeffaa9qVTJ5cg66r54oq2hEH4d3ywJgducS3qpCnO4/oEBUzIJ1CdWR7OeaPZycesLKD6TpbsfRTVAa1MFqHH1aojSZiPYuEytTLxBhqc78Pgy5mVkhqCxRpBLWaIvWk6IAKaNJb//7IUstIQq88JoJ/O9DKG5RnerjJ/M0cIOAUWNDabbEiPCgqh6WaKuCTyNuWZkhKcYDeGSkerNcYN0tSy3TitzxVx+b5NnVeWsa8MklcAoLrvwDPTSi0aDLRgJ8LmBAts7aDlk33CR8YxuMjWV8LuTMmG8SoaQoFdYuXw9Hly7gVZk4wXIDfZBs0HqVMST57Zhwfw9WCctkMN76CuDdJ1gPBWvtqkxmybvwDqZMHlsm07YpvZ4LbUONh1L8Rg6ssMb+H0BzvR5+OF1d1oYizB31WCXiFfxXjJN2rdleJAxxrOsHRIZGSaCWrl6jRUToWt1i2V62KS8LvJ0IS0tCXzgfRfi8GOPQHXLOibvGbTOmI4CAYujZJUKoC4kh4gtyuCrKeG1guZxklHUXJtrKA0bp8FvcEUTaHcsniQwGkbbjMnYb9ZMa6UuU93EJE0ECofiuO3Ou2wZqVB7h/XS6yL1ZQYdKkKhiLsWP4wChV6pFxFto5KRveUKU2B6qOOOOZLKSoV1q1TkEuVQRzxBgGWd1v9vSOFHr4wNDw+bMvjARETjJxCha5NEX1q7GmW9ZLgTCrLiYuDzL76EtZuHpG82maehB7QcNpwN2mPONHziI+/FPofuh9rgFoyMDCGUbqEnK7O9bCwFUyVs1+oGlSLBTsBBS7LNm9dIlxrlZomyEC8bIMvzX6QcT83CDemayhBOPGhPHL3nPDKVVsE2R6kHeYpP2l0iJ/58062oZQoMu2lTXEvseaFySlnEbffch80UaJ5WIE8iXvmKcurCk9Db207sk6WSlYypQoPyXG+d5P7VL8tKMxxpFCWbZ45MbFBtTJ2gakuP5FaAF199lbnVxIxpJs2IKpPhfZu24r5HnrDusrauHhvxrkgjqbGZ0WE64QouPPd0/PBbX8FCwmh9rg1sZqbBOELEFCTDhCqD0RZ65DZUXAcjQ0XkqWHFgvfyohQkQkFonohI0+gsTGnzXU/DHflbrsA8q8PBKYfsjenJOMpKlnk+rBF4OKxFBEtfXonnXnyZ0oxbP6fKd5iSaPp7ie4fVKDXXl6NZx57Dq30KKE6Ib9yWCq2Uondp3Xg1ONodaNbed5bw0Wr/ul16rdMbLNCmBYwkEZt3brVluFQoxv5Ny3O4ocH45e9skLm4n2zUyIniHR+/5fb8PTLG/XuBkvjw7gvlEtoa9XLe3U2qopj33YQfnD5l/HVz12Cgw/bB9XMMGoar2OOpHcAhF617lc02QqnowuJtjabOaZgXM5mba8efG2yPqOG5hsoaWw+VQojOHSf2Thy3gxWQS9Eyg3yC7ZaDFEJt9xxH/pHiApbu6EVFRwm7q4h2jAtjO5bqHSkjL/eeCuZxxsyZVuhQfdqarCc1rvOOZXX0xNohJ98LFFxrVflrZLiHMkQPHmazeaRUdehf45Ei2MM4YG2NavX8czOY1yNgtGoshaVefrxZ3DjrXdZ2xwKMszGJ4jMpJWlUhHZ3CgdUw1zulP41LtPxlXf+iJ+8s3P46JzTsDuvXHE6xmEy0M0pX6Cm80oZ7Zav5/QqiFZbWRKlRmxmCPr82m80MaElw7hzCMPxJweph48FazzHulnuI4YyxgsuLjltrvJcArIYDcTcbZbAz2C4AJaYeWbdJl3PfMMVg/m+R0LovYr3qmHvlzI4+hD9sT8A/Yi2ClZLJL3UsbxVskAI59lRqVQQXc9OiLBNRCsjuw55HqY1wxs6ecH74sdkWYbm1YoYXXDuPn2u/Gzq25A/+AgH+oB7jK1OMDYqddxhZn6NqxFnJa13+Qk/unEvfA/n3svFv3mCtz882/gix8+B0fv3Y0piTzSgX6LZ9WG8GIM+AmCHrlNdS9JgPYAbs3u0XeXOj9tt14snL83kpR5RdYjIah/izKJc//w4qewdDm9SzzFmEE4xNRBVmkzoxUMxQMpyPRebOqM4JrnH0EuLU13EbXHM0oyp4uTBe971/nWP+vShWsNlP9XpHZq8FR5ohRiZGTEAJtPQaUmQnQSnBCf3vPaGSkI2/pcZeY3k6di5YvL8N9X/gxr1qw1eKw4FCew0GpBOQMt5MGkHkToVgK5fsSym5CsDmNqvIRj95yEf7v4TFx/5Vfw19/+BL/9v9/AxR/9KA445BCzoCLjXZ7+3Xrd+VnPHk9jltagabMmY68ZvTwiMqUQCJot59RQYYDK88DDD6NaLKGlrd3csKOOAYIjIUqXeWhEczokhJlTALrcP736NLK8V0tyOPQAmm4Ql9tmWWedttBQsTqd1eaajRe9NTJLo9CsY79hYXm64UK+JBkaBSrloivk1jdax8wjzkAx1EnJ6HUo7wblRiKbI6GWm2bzbpYQ0DGRYiweQXHLWrrIIL719S/jIxedpXFwz3Y1nKPYoo7aMT+ivcozTGuMZ1WNVC8h3DJPrOsvYPHzy3HH4iV4bNkabGbeRXQAZIlOOzotXYgnYygMD1h6EqbbKzJurfv++zFt3m6Wc8YJPoqMk+ptH6VSDdeKmPW2kwlUHCTcdjihNhRCVLC0g8CMTiRn9qJwyjGodQUwk3Xf1LcO7fky/rjg7TiSntctb6GAe1EJlygkxmkkcNm1f8KPP/s/wNzd0FqNYTTmjayoR8mQKIkO3WuvbzU+ytDXEpR/HUNXMKzJ98wHSzXGWoKnwU34+mf/GZ+5+HwkghVoqlHoP778pa8GKdUc8fEPr/4dk2VCYSZ6/krh5hK1M63mxr3mJrrUYE0K0oJnysla0ilkB7birrvuwKZNa22dyamTpyGhFYEY9zKZHNOAKvSCSM2mmfllqsJ0sFQEbWpYKduHtpiDLvq6veZMwVnHHYB3n3Mc9p5OpRplTphzMbyBri7BejCeBqsRmxybpwBn7TcT/37ecbZojc2PZP1idH9SRK3V9ce/3IL7b3kU1bx6McModHWjuv9uCJ50IMJnHorggv1RaiewigUw4mZQZ+qTXbsWDss5Zgbbo04CxsxyUIs2UsdDMQzkqrjntZUo92WJlIlMaefjvYAJTmRCatqPI0UhjUhY1xzZFFKOTZxw/FGH4IgD94ZDF62EoIEqPbKHjXvgRCSwKoFKq2TKNSaxuXwBqc5OalkIV//k5/ja5d/Fd37wEyx65GkbQU+0tlDQLVQM5joa1iE6qrEMIcpyhVx0mUbYi4p1tKTi/MzcyM0jVR9BS20EM8N5fOC4ebj+m5fg25++GAuO3xftbcR3hOPJVCddN9lIS/yXd5/CVCPO5zQq24hdYoLC43XX/wmFUbJWa1LOnQP36H3hnvo24ORDUJ0/FzlaHBuFtpLa6KKDlq05LvdsXIl1FB5qjH0sW9YU1mg1eXHs/gdgz7OP4HNoDSECN3Wo+3wVXNfmU9Phdkn3m0/0FJo+006rSCmAdVLYGZLc3t8qOF2nya05xh9ZT7C9g7E/QKulFjLBDnRNwqvLX8P3vnUFzn3He/GO93wQP/jva/Dsy2s0eoJBxhftBc4VfB1ahsrUvAv1RtTovmoBLZOYJIpz2Fa6QaULFHY84uDsE+fgx1+8BJe952zM6G7BaP8W5JhaHHHwPjh9r5nI0CXKystaZEAtFA+4PbHkFTz63DLUuymM+fsgccaxiJ91HJy37Ytoby/iBSLitRmbyGS8YEqWoWeJMLVZV6dV9a2lUCP2/npIGTzZJ8AwqSWMU445DOE9WG4pQ69BjyVhNVsVj4UnTOl3QiZ03U/DsHfT+dmW12/cqgnLQasgySSpY//bHZBmBCsQe6lDAAkix3AiKa/EHIp5TSiBcHuPTQ7KU/Xvf/gJfOUb38V5b38Pjj7uTFx73Y246fZ78fzyVRjUikPqzaDLCUSUSyVkJGYdbl1L1nvdU5rPUqlRGJUQ8uUC9uiI45JTF+A7n/pnTJvZzui9AacdMx8z6gQhVisCGWssFYLKVaah/PrW21DS0kwLj0bLiYchTuG5U3uZcEeQJ4O8RXB4Lcse6onD6elGmWAk1t1L11rH7x9dbDNalGI7hkFYF81MI50+fQ6mnrAvGS7lqxnDJSif7LjZ8nZAJoeG0M3i+Fk5rA8RbKEAX3Bye9ok5Z2RQ22W8NS1FGSMyY5mrOsq3tmDFFGmxsYEswtFJtdMWmt0n3mitg0bt2LpS6/gsx/7FN73novx9gsvxgc+eim+9p2f4s93PIyX1w8QUIRsxR69kuVqHqMkKFdRKcOh69KKTDbTuVRAvJjH2YdNx9c/eSGOOXZ3HLrXVKS1LD3jqN6zDrNtegeixHuU6Ny6dAnCB++P6EF7IECoX9IKD5pSL4tMMpfrpSufzuR/hM/tH0Hn+hywdCPqS9Yj8MAKvHD9Pdi8ZpSX03rUq0GwphhfZm4330njhMMPArqp0BSarEabBNbsOhXDdkaat2OC03/tlRszLTLvoc+adV2tlFwNiQ8Vg5h1xFkYDWs6Xo5C3j6qTBE+Z0aGeRxGkMd1aV2VG12T9e7TvdioOpNIxXLN16/R1QicS3s6e4jcmKflKHBNqVNMSXZ02PTyDu4vWHg4Djv0YLzt4ANNUMoNxV35fYPv6pZT/TMUTkvarOClVWsxu7cbnbZGWJToXovCqWuujGIkgWsffgyfvubXcPbZEyU+P9DdjcDUGagTnDiMvcrAgsyVqkNDiD69DkMb18DZ0I/ixgH6dia/W/oQLWzGl77yCaK784gl+Rw2pxiQhdMD1ZK4s38rTv2vbwL3Uk2I1C29MOMx7OwBDx5rwdQdocpouMaUivxjDNVCq+FKFr+44qt496mHwVHHdpXnmXe4QpXDEtyRZ2NEgqtldyi4AIUia9O7c0X16BPpRAn3i5khVo9xjszSKgKae6k3WxkI6SVq0GKgNqUtx0oxrilOagKSBlo1XV2CtkZES4T3YVv3+KJ3novTTz4BvW10cWycEgeHVlLUCDzddZGIK6U8im1Q91CJOVhUPGFVy4SOGvYfZYw84wtfwBLmZoVJvQj3TEGdLrI+awbQ2gE2HoElaxFc/CLqL66CW6CiDJL5pTy6Y20YouIlI1SaDctROLYLpZ//EjUKJpKvMXlXnfQaWRDlQVrGHy6H+7NlnuDogscLjtXy1j/ZgeDijmtT801wfHbMLeKaH/4nzjvxAE9wjPu8jkRN1rso7/z4l3Hbw0sQIqTV0L4eaI8096kaaKCQD5XN0nJ8N6vr7OGNLVgYNB9v8ztkeVUhrQqFyGNWuKaR5iZSgyyYN441WiG0KqGovD3nH4QTTjkJ3bSSPmo1wyGSTgo1xp1wIGbvpZVCZGA6jL7MAGqtQEd7O5KxOEapJKuHsnho+UoUk22MW7S2g2YjLt0ZYIryygYML13FpHGrrRmW4LOzmlqh2KKXO/T2j+rNNkgB1Z7z3nUcutNpBJkUx1lPZV16Eea10WEsWbUCmx7baMmzeOjEGLMZN9ULomXu9bIM4bK11SM9hzvxzjwLvw6QRxrtjrQikGiDu3Ep1jzyB8zoTaFU9zogAjVJjswsUVs/+dX/xi//fA9z3Jg9VPS3CE7ULLxAUQzndZqIpOGbqiyPcUnTGni+oWseUWC+3/f3WqLeiXnCK6uHRtqpKtBiVX5EFsu4SS8PvVMQYJJarNHltifRNaUHw/OiqGrpXsZYdRqnp81EPtWKWnePzVcMrhpEfZB17BuitfE6ZvtRti2o/kEKrBhnLitFagguoNnFRKpCvNYm3ad9rkDIJOVm1RIpVOjCXQG2RBiheHKMP4LvPj9FerFkG71RcOpO01CXTT1kfhoh8Fq76LeY1JlgVYkpWVSgWiV6IEOrdHs/+M1tuOzb/9f67poF5wmJD1d3mE7bndsEp71Zpz2cn+kq1YOu7iV1C8naAtZoT2R6v9zIu5wn5G6aiMDC5TX6BQ4NESnXc1lmlPGsq6sLg210W2S0rQVGlBjq6aLrMtSC7pkzkNu83la6c5OMhQI4Wr43S/b1l1AfLqE2KNfM79XVR4WNkOH2oggrwbOMi6qNFI9toPACsj4K0OrNc9FKhJaTpeFoZI/lUrE1D7VOMbZ0diETKRgK1OI3Va0DRrCkuaUanA0wPFjP0xhtT3DMY+NMi3JlTO0I4YVbf472RIAGRvTN64LWW8FGKpLtNoc+v5QbE0AzTXSumSQ8H5lqilyAMN5mcTlME+jW3Firt2k+S1RzO7QRgdk13mfttUXphrQwm8s4oQX3LM5SiCUCmQ0bNqKUHSaz62gjAgx2M052OmidzdjcHsXWkS0EK4ooDjpLMbRtDSH14iBCz65D6bkVKC9fjVombxbW0tKCRBuRJEFMzi0zXJStR8Rjph6sNlNxpahEdjbLmmjSjVJJ41ScFAWWqKDYGiLIYVtagihoWj0VoiikrR4itlWDwupyCycY1z3IsEMyL0d+2qXFHHZnLE5Qgb36qEaMrRKaDqRj0yer10Dfb7Meo+bjhpXtkNQRy4Zq9MDV2ybqKaGAXM3wsjmQFJSEF+Oxpj3wuHkrUvVdghcn3WaLVYeJ+kKMTwEJnQpRfy2HwisjCG4sIzEUhLOpgFhfFW1DTND7gN6BOuKvDGLgnhcwvOhFZF9Yi0I/E2NaVnhqJ0IdaZRiIYwyBo+W81QOCkvtEjjSFAbTfG5jlsHvpDwECxJgKFNHKhi3mV+aA6N4Ho2qRyiIiikV2664SGvVmGwxlyUKH7K4Z2uc/Q0kq3IVX7nfZ5/d4Qiesz6ShIBeoFItuGE+wCVDVgxVcco7P4zVA7yBFTUXKI0zksBUee61NajZXfpUZ4DXA/2YJbcpBDymEIoP3hdj5H+ve8JO1RvfUge1iBW1rJzWrFeEOwoJDBDB1rUMfZzP0uvFFHiA1hClFRdzr9pLKJWs4kTazrsSCu+PJ+MER0mPiXLdPO3QDJQ76Q1X5WAjAg96ZqM+1hZVw+pO91h0KBwl3yN0GJ6wNFs2ovyR7hB5fpaA6RaTjKklgp6SOi1odVqOqiygM0aybu5Uto5FFFBIgI581OLkV33vS/jwqcwRmdwXgkk4wgxhwWjWTiJqScdwyMG8YAfULCCRb5ljQiEJwhr85bVyDTY0QUCjSUnaNF3A3KT2ES1bT83Vnuc0laHKvMte6IilEEp3INrWg0hbtwmhxuC8NVFC26G7o2W/aQhOpmV2M9LE8wQGzMOCZBrzgY5ewnw2POXSjQboeut8FhFooUrAk8tbjNOgrw1Rsd5CcbYgGwU3xkCSF+rp/qXAdK+m0D0tyLtMzke3oHdSC+J0mcHKABx3iGlDDi0xlwiQYSE/gtH+zeQEFZAhST+aVBbo2Bk1+KgB2jiB1z7zNKPME6xqFiIPAq5LSMXMXy8kZhj4vv+rW/CNH/2adSUzJrA4W7n19bIbI1+o/hiSPmtT0Bf5gq1p4qrI++g9oZEOiOoMzrIsaX1NDWWjNY1d2i/m7t0RxHcu/zoO3o9ocTiDdJzCI0OFs8TcBJPw5Zsr+NS3v4eHl75CqyQ6oyLEmYZoge5qiEDD4hY31a1R7wDvl7ExSqmyYxufbN+r/qqDWyUiLRcwb0Y3rvnx9zGNMbZW9JaLkuCzrM9IxsV/Xv493HnPA1TGpPVJRNIUJltbtZ8z82kCi6PrDjPmVgl4Ojo78fSd12JWnAXQdWaphCnhrZomiwSJzIS8mJd89KQDgUw/4koJ1MFHDZXGRDX0W82aW1HCrRCmnMaJ8xpaWECBm8LW86t8MFnO2CH0p14TnQvxjJCbBKLKcVNDBWYoaJvRzLimLex02AIKNaI75T72syi6n4wPxlqwItmJ/Q6eiXZnK2b2hJBO0apSIXS1umhtZxyIMQWJFvHc8y9RJi10YYyldGFaoa/MerqyfikV62Ur3Vd4oNe/WHkJTWhYPRbyHFJdz20KB+gGNaaKlq4pWL50HZ5+5gV0My2dRWDSE85jSlsIexBVzu8K4P988HxEyjl6OCLkeAwVWnqN7fXKZDmKrdqrXHtdiue5RYgLqqUAwsxDFx6+H3rpLFxZa4WuXjpEB0XBMRVoBExBWL0CPH2P3VDMZ8kwMpYNVG4jRCwmV4VCi7RQ3cN7y1oUjYyPMu/SdLtYgkzaAflWtyOqlrJI2OIyep5mGDBxZp6kWKUpoWyHkcN/eu9b7bVYRKsNqsM6GMVfbrsDRcZITU3Xb/yEYzzP2KrlEZvpb6nPG4g8MZ6RXw898ijyym5k8b7XaFjwZCb78+bujkpe8274XYQKyjps95k6z03pT0jrUxPhH/62g4UsTNEcpRhSNFLQd2sqTMea+nzysYfDzY2oLvKOFBB5wjvUNWYPpbnJfURTSYYmQn+e0lrG0kRNEfDLa95PSNv7jhYtQGPf85kyCK30IASnF0D2mz2dYawRR+m3BbjEl7ouJI1wp9lnVdbTft+HrinCStYKbJNyMZXb2HSrv42db6IJ68/YqemDDl3iPffeh2WvrmdtmaepFLueMY9/p09KY8EJR0sTUSWs169y6XhCan4OY4v6OFrpzU485ggrS2VqK1MJ7ZOEpdlUqqBfydOOP4qyYUOVNCu2SGASHCumfo9YjC6NFqnfHKgwBrk2n5AQvJWJ+/aC70QMaNB4IestmkI+Zy5SFlYqlGxiLFtk65Kcf+IxtmST4HvdrIzEW60NPHzwyRfwyqurbP6mPIraoGn2PkRvJr/d/rObaaJzImm+Fk8V3waZV951/0M21BNNpI0PvsWpXupnndzTgTpRsKYqyku9gcY/h56tPDyIw+fvi9k9Df+imEzS7yKIPGGSLHFuNOBt+8/D7nOm0q1LuppBS6apO0gPYAHF0VHC7TSiyRRS+kEjuseq/Ldck9zrzmg7DBHZM+gqRBF7XYp6zOczRyazhtDTlcIpb5vvuUtLFxrPo2JpqoLU5jfX/YEFeac1f1Md4LWK3KVe/fK8hr+NkY4b2xu+a5B/3qZEEKbbu4Ut7bjlrkXYrF4+dcQ3Hmy/Bcv9IQRQRxyyP68n6uWml/N3Snp2MYPzTjvJitPEQbk/vd5tVkuyGOeThCdf2pMI4eTjjiDDJGW9Lhu2OGLvZukUr9MsJ83czQ4MEFaTqyyvnKMWNncNTND4MfK/m+AawQBNk7P5/HyWXpHKb1mLjiiR4gfPxfQu1lNLC+pZdFteuqcKBvHq+q247777EKQy1Su8hnUUE6VUmhlcphtqYADiDLpKf9PnxjYRNQvSjvlsJd4t7Z14jsh18dMvyLkb/3ylqdBTyE+cftLxaGfSXyupT2ecxU3EI8pk+pxZWMCQpZWaZDwi/aqWTzbnxMy7iQQBTj/1JMY79ZIrmLKxAgFkIrlA5NaKUQlMn+ka9ZKHljwMRSMUrqcRzTTW6Ikq2aBmxqizR5u9BMLzNSKzrvYY3nvuifjgBcdqLpPVi3DR1lIx50fQUeK1f7n1DpQGh204SWBJwqwVNZ+FySx5VmP2o2c1P0/knxt/XjT+nJLpQEId8QQSKpSx9fZ7FiHbiBLeq2Zqh5a6AU6kEew9dzaf3VgPzKcJnmVE4Z9z9pmY2kFvZrDXu87eTbAj6Q2txbSkQUJLZQbSg/efCy1+LelLsLrGF9zI0DDCDMyXXnopPnjJJfYD6ZrvX2PAth6P7VXobyRNu9NK5SItXKPFOM9YeDz+zyUXqzuQQmH5Zh4Bm8ZnascmZHIF3HLnndYxXaU71wi6VsCr0fLiWopYFqp0ZBxNJKwdkWa46cUUpQb2M2TJFjz57BKMNBY49Q0h6jjIZXKY0pXErBnT2TClGXyWnre9Z+o8ZXLyiSeYq41SIW2gmp9i6rBokE1daBacAq66Wpiy4n++8CkESgMojPYhNW0q8v3DSDoJREpMG5ibvGP/qfjFp07Bs9d9Cb/9wSU4/vi5SLSXbVG0cIECZF5I38SSWAUNmulduBItV7Nz+QzzGnKHGu2VwDUGJb8X0I/pZRCp57Hg4N1wzTc+jR989mJMc1zEKiOIa45mUI1wEKsVbJAzVw3iiedexdOLnmDOmLD3yrWkREnxMt6CTLFOpZRJeOs/7pDEPDHfNtbPci5tLItb0KmiwLywXGthFaawHXGsW7UGt923CINsl2YZl1mGcsYomR1lcV//9L9gCsFLZZTl5QaQ0s9yEjCFGbxjDDsBJtstzIPjjGPHzFNs7Db21JlwBwNUuorAIR9FVKw+zAkXYRNkVqIcZOOXr1qL11gpXopwugVFanU9XEXRzeO8s07EjJ42JKj9++w+j2j0JHzsvRdg3m6zccBes9Fjpk5tKY6gmh9m/jeCSDWDKmE5EQ4rnqfhUHsjLlLxENqYSLeno9htchRvP+tYfOGS9+PDFy7EIbtP0hRKs6CIup3o9srUQi1jrxyzKsWjlv7q1zfgscefgRtXDkgFdDRK4U0F9Kzt9UoqmtDaGhbDbxt7n7zzgYDecY+TiSyLcS6ViCI3uhWl4jDeff6ZzI8ZXtQ1RlaHKUTFU/UWLV+9HkuWLrMfndBqQXQr9Pgs07yedKSCEtHkt79+KVOe3WXQigB6Iq/xfqdVMwNyjHsTL3tIhhZqNFHC6d/d9igu/cq3kB8somPefhhcuxFodxApDODmq67AyQfuwZijWR9kDoVdoNEE6OWkLVqKMEfLHBnNoL9/EAMDQ8hlC1g3lDEGyk3Lb2vGmIY9NCFG778dulc30mSMOmf02pLW1o4oLZHOsbZ69bhYyNqKeOoortCaN7N+J595AVat2QK3pYMtpitTB3OMEF19odbVI6azAL8PbhyNsUI9JW8Qms41KKAuKzWSZbLByrdG+1YiWNmKRx+6C4dOaxcIt/L0CrKm5VdDcdy86Clc+IGPU3AzmEplEZs8lYZAATIx18Ks5aGtOOSwg/HQtZeb0bv0RIkYXT2tMRQNI8sURH2XkuXEgqMVFBnQg/E01g6X8MnLvok7br0f0Zl7EkkSZVYyiFZHcd2V38PpR+3L4D9kwVhLYRRZnCPFFKMtg1diampjrBCI1box9pknzFi4NbMyBi9WaC6KpuiFZTEsQ2twCRKrh8cCPy1OQKBGTfnNDX/FP118CUJtvailWqlDtDYtbKOhIht+8Z4wXmQTNX+bxfnUJDRSSKvbZjUomjQZB0o5irGA0sA6fPJTH8GPPvMRKpQGYJmi0K0LwOj3ENaPFrDw3Hdi5RpqNOuX7OxCjriAroQ5JxWZBnPVT3+M9x42mziD95JPQuxFxVRZNb2Mckjl0w0WjqegvZMt+DqtLYoLzzkVPTMmo7R5A3Mh5kp8mGYlh2JaTY8NiTEmyYWxgQ7Fo/Ue1fUkN6BhCXXABlh5vVgSpSxTgQp0ZwolxBmjIhXC5BLNn7mLtvyo3jMX5Cdyo4suEdXmeW+F1qmuIHVt6de0ZG323jSffMONN5GDfC4ZosFOuSH1nSr/8d2j93cbenyd0HTsb80kfzVGOtasfpZEhkpZtSSIpn4oAsXau3H9H27DYJ7SZKzzHqtXtmTtLrpb4rZOCrTwG/lbyBHqmwR4P9t9+glH4bhDKTQqhWao2Q/gS3g8Vq2sHNWbxxMKTtPIxQD9loB0/ZRjD8WZC442b6hVTBmMMMSKP7hsOZ5ePUT2U9CaH1GndufqGM7SV1fkCulSWY5pCa8XTxTrjdgqzWXR1ED1iugavcyoLZFuJ9/jVIYwgYYYELI0QxZYaO55oLJofOv5F1/Gw48+hmBbp1pJboZtIFcu1RZEa5DNl1FnMeth+ZoQnr/pc2MTUzw/QTTN77zreWx7Yqi8enKkomQ4LStMl63R7kAgga0bB/DIsy8Z6Le5l7JIliRha4rUuwnz1a9bLIwyz2R6QMWQ95jcmsTH3/d2tLK6tjQJ95paqOVHxCMpqX63SOOGNfVlTgROCtRwTSbVJBm9NhwlY9MtnXh1zXqsX7/R3E+9byteWr0GzwoG573fhEmkWhBNqXdfE32oiXy4hlpsmQeWp5dFlObp3Tl5I5eM19oknkvdtqnCxu4GExXf9E2YBcbpP/RP2qytwGuv+tVvcf/9i5lbtfN2rTpEDRPTImSV4L9MY8yatG8U3kz+d9y89ct0yr+m2epIQsCsoRRPP/MixdMtFbZLllarFnDSCUcjofaa242QF2w/Dye3t+PRZavx6ooVdOUxCs7VXFx86B1n4uJzT0KMSFM9MxJYSR3Zai+ZZktq6ZmqEtHOhDEuQy0hyKOzq9AtZhBkkC+wQl/58e/xw59dSzjeQw0gwqPfy25ahVB7AskEsOe82Tj4kAPxvhOOZMLcgZ7ODrQkCMsbTFKvtxa1ccJp+yzGT7RHLWPW6kmXTBci1OQTdTRT69T/pffNlWcOE+Weft678OTS1xjr0giluojO5S4pMCqYvXwpbVGLZe4GPOQ6mmgcC2z45nW07bPYpSl5hWwWibY08kNDVr+WZBqjm/QKlsPqjeKFB2/HzDYaANusDCdCNFjO6128EH73yCv48Mc/RU/leaHZ07px9x9+hTltFA1Rdy2cRL6Yp2Wy/uSeUoAY22PKkS/ATVDZJxJc2WUQpCVUchQOU4KspqHRPw+wBhd99CO477EtiHb3EHwWYb+nQ0isX+9QJ2pu8yaizilw0klM7e3GnFlTsPfus7AHU4SZUyehvTXNMj2Etz3Sq8dG5tbINDLcm9qnPR1UXbkSwQqByjNLluLTn7uMRkB31DnJZtChdyrbSyaosaYNXhz0jUwvuIgmaLrR+MWyx18X0ACj3ChP+99p7o65XFKwsAWXXvLPOO+0BUhSz5RAVyuM90SzGvZam6vgk5/5HDYseRF7HDgPP//2F3HsQXvSE2nhcf1q8Y5Jv5g5oeCyRI1Jxpgqk+iItJbtrHITCF65eTPO//h/Ys2aDTRfai4rUy3SV9dKcAnR00Q/o0q01SWl5FcJqzber598ESNdWdMOqK5p7CQTllmJmNQQJj9rfE3pg9521Uv22VwR6amzqMExRJjk5sIEMCY4AROxoSE4zwGL895+PDVYYcrSoImEO15w3jU81xAcBl5jyNBISZbKnWOeF7N+Uv3kWtiJI0MLTbW2YbS/H1/614/hMx96BzMs75nqmt6xWvOZfJZCyBtII9JqWoQup6wf7hHvKAOta7zHpEn49MUXYko7A/LoAIEbGUPm6MfVLZTQv6MwyIs1vE/UxABclwC5qb3aCqX6DrdSNcK4SDSp+Ys1NrgW5RazrVwnaOE1RaYJWik9z3jjMG/L5MsoDw7xelZWHG34XSmKH7MmJDHd33xqOqdS/O0N122HkpNm0G2orkTWFmZSGGY7iCWRUU8ww87opk046fgj8LH3vwP6LSQxWJ3hrwOx2yFFjAkFpxcB8wz6qqJe0a1oUWnKp43IT1Z48dnH4L3nLOS3zKv6t1LrmSwzQdSCz5nhIQblGuJ6Y5PRWL+IFaIGq/9OKwloU0De0WaTT9UQbrpPGu2BP+E4BunWTqIyujMyR7lUTck1kVewU91EZLEJzeOAXNg2q/H22x0V8B5i1/jkW9S2MiY+10y5kSzRQZiJ9iSEW3qZxiRRj7XY0hwRLa1IJd5rv73xzcv+Fd10aIWMZkaz5ozFBuR2QgIrE7pKjdGOZkfQEk8y7yIkL1eMgYLs4ovm7K4bzOGzX/s+bvzz3dbJGtLQSY6JeJ1xr0hLE6Q0UOBZpHIqDdXYSng1L8HeHmldYyPBfT8wNVE42YbSCBtLIKDlgDXYGmLSHUt3Iqef/kwl+Cw+W50AFjHoKiVLyzUlJI8522O8dWKPo+ZrvWPPVTZ/9oUeJ6pV91StIuvnCaJOxWT9WIVmDXW1R3DVj76NBfPnMJEnn/UjU+SXDQpbZ8OOSd5wQsHRsbEydbpJxhLNo2elckRR1mNBxtfqTJidNixbP4jL/vMK3HbT7abxBlPFaq2gqmIlPDHLhKitwbjwtnGlicjmQNqBx3y7T8digpWTsBdT1F0mBtWlGIpr0SRC6kNU56C0Ul0PDWHZIKeVwfttouk4amKDDRuRJmCNUV0xkFKT4LZdw3M65Gf1gVdLXgrkaLiL1bMfkKJyd3W248pvfx6nvG0fOKxHOZthqtXO2zSQ7TXX2rkD0mMmFJz9CA99o2+2OraKkTQ9LgSipEDUunEee2ENvvTN/8JTz79gb3PajyoImIhUNP+bK2Ij/EUyK94I2nZJv2IsFdA9FoZpqV445v1WBi0s6hBBEl1Rk2OaSOQkGO/4ICXgUlpdZ0FX9+lzY8/a79TifMVpouZr6ST5tyGoMWoSnNIYdQDotMYD1ameH8Z+B+yFC5iAf/79ZzCdGES73nVnWzb2DaOzp1u9nyhRkDG9NbsTmlBwqkOlSESpqXdsf76Yg8M8xAZOjUq0eBos8w3Fl7seWYZ//+Z3sGzZq7Bp5XKVIhVtUF4ParCexzUh1R1QiLmX1MSshNaknnZzsbIsfR8hMtWkH5atjmktwBmOp1GS1uoaTY70BSeSn7SytOcmsDQRNVihRLmZxrNoZ4LTz65p2oW8Af0leediSmcSF55/Ov71YxeiW6qbH7JJToF4O8hpG/0Kk6UxLTcp77UDUnUmFtxOyFYPJ3jRfPnM6Cj0m6PPrliPf/rUZVjywjIEk600OiIkMk75vo2g03fbb3wz9woEGhbXyKcsRRBDG6Q5lkYUgt1v/PaEpphVp4v0PjTu8QVih4prO4kTDei2vaZLuZrpDYKjLwyy7nW9elVV9xfrxs+2sp2uzTNOt7VScDzYugnT507DZR+7CO899Xi0aMl59ei8RXpTgrPgKJRYLRIlElm6tEYiyyWrttpL+nc99ARdWZTYwXupz/th9wAVSQG6AteveJPgRL7w9I6ZJ0x9ksBoLbqWFmXnddy41vaNY78cctbbb4+2g7l9VkjdfJqQPWyD5tbIiwjCy9qkzKqvfgkyzVxycPUqnq/g4KMPxftpaWcccyhmtTG5lhsd81xvnt6U4JhG0XW79luoWoCG+ArDGaa/6QRWbxrCF757JR546FHmKn2ITp5pyfKIlqdlYt3WksCwfjuM5AvnDYITsNB3Epid00XePR4JrXnX+vsxoYl2KrhtrnKi5o+3OJ/8awOZvE1dsDo2ztlCPVQI9VsWh7dQOHUcNn9vfPxD78H5Cw63DuYglZhO38t93yK9KcFlWYE4radCQQi42VsqBDRaacGJOVibqeNn1/wW11z3Z/T1ZxBh3pWIp3h93pZnsh93IG0TmH2wY48axzpnoKLRUD9OMeXwPm+7p1lwzW9/TkwTWxxvtJ2crU8TsSfB3FDKap3l/OyhbU0RZyqk2Du6Be+44Ex88F3n4ogD92KCTXdf128SVUzgNnfnLdKbEpzANKvCrW4LtyXirDgro1eM5DqjzKnE2r/e9xQu/8lVeG7xs0DPNKS7e5EZIcLymdzEbDv2P/o1MqGJKLixY9EEcL6J9KMWOyZPcNtrelOtxuj117J1Ug6CKPvtghpztgzhfrCKto5WvP/kY/DO887CIXvNhMP7yvmMDVd5SLPZEb95elOCqxucVwW8Kug9Ai1JGIuE6Qb05igrql9MJNRdvGQFfv6/f8ZN9z2CvH4DWi8nKrHx6XXCa+zHqsQT9r0E0SQM+/Xa7ZDu3ZngJuqrbGKD367tskZTNZQoa2Ksrhmga+S5Q4+cjwvOOR3vP+V4dCRjBu/z2VFEGbPDGrFgsYWSFobj8VukNwdOajkbdtFvDpToIjWTyZ+/XynmrY9zaLDfXIhWfR0o1PCL62/CdTffi1fWbmKCr/zFozGv1mRx22b7UgAUgqF53+IE+ZtXLZio+jtrkR/Ettf0iU43XZtKaIUjgrIcQRdByaSeFhx7yN646PyFtkiNTRaq09LoGiPkk82co67KG5XoThNKmd4ivSnBAVmMjuaZ8XfQ+vRDPfQa4qv6IdnqgULJkkum8ChmRuEwoSwHHDzwwlpc/bsbceNdT1gpzaGouRIRgo/mLqqxXg+SYllNgVXUXPXXHTf226Ptow/bBcfFyPEsCjFWU15EyHXMmzsHH/vAO/Ghdx6hH8smgh6BEw+jWKjSPWpqHRWPt6sEL7QxHSLP3iq9ScG9Nfr1PU/jjzfditvufYRIk2G+YxIbqUU6KzZEFGHDbBKQupbUeazhGcU5Qmm9NRSl8AzRNfhr7/awGQIMIjekWWfMtXiBRo7VfadrLHHmJaGIupj4qSY4z2cYC5SbBblREfMDcBJe956WJ1YqEmIct/poVlamD7PnTMc/vf0cfIAgZGon81b151JttSjN68W+a+jvIjh1Ma/fmsP9jz6Dm+9ehHsefAKVzf1aSh3JnknIiZlkaqiiwVnjm1lg2SyF38nTmgXqCwqC2q8pfCFavC7JatoYhR2if/J+S4dKoLzT7uc2qA5qxSiHLqyRetCN2SKgGndy6MqYnynJ1vyPSqUAVz+zyWP9tsAlF52L809fiP2nd9iPv0eJMvW+t2ajy+cw1O9y+rsIrsg0IuLQwni8YTCHh59cgkVPvIAHH38eK5a9jFCq21tVXZNmhGNkCWR8qEwGcSs6rLJZnQZKA55bbcrzwo080Xshk1blD8JSEGZVSb33TXfcEJSNg7Ece+WMgi5WCB5sbTJ1WRVp9HXstcdsvP3cs3DmGadiZiefzVuTfG5Uz5YlUonqtHB1XdlvBe5i+rsIrqLlWen4FRc101ivGGfZ4EeeXoEHH3sKP/z9H6jhFQQJasKa5UUEV42GUbAbgO5s0ARrE4nJaK0no4VFbQhIFmYDU01Ei1O6IuuT4MqjFAotzuaHsEwtoqPfQ7Vf7qe7TrS0cVdGRyqCIw/Zn9Z1Mo478hB0aPSFjxAQy2dzSFCxtPJ7XUM4LDscdVAmrtJqGbua/i6Ck/7bLwJToxXTRGGiTwlQ3xF44Ymlr+Av9y/CHY8/gRVrNhFtu0yD4kiEEsjoFSurtaa90dXRbVp2ZHvxPu/1TnCzxQYa1hUgmFBci3V1EvGVmF9lic8VD1kXurpUOmFQ/eC9JuGUk0/AmQtPwpQWh/cSJRZHkYqyfMbcXLaKZNLrRLDXZeUb+eyiRlWierl519PfRXCjRY2oM17IFUoC1G51SqvLS+Et6+hnvzQFXSk+sGZzBYuefh63P/Ionnl5Gda89KoX+AgkLJ/SwKuBGLpAnk/lIsSzdeaRdJXq+FV/Ii2cjpJlBlDRDw7R0qKpBKZNnYz99pqHww+bj4PnH4RZM7owhSFONStWcuYK1UvkqRvLK+QQjHehxFRAs6o1JdF+2ZLXaRab5rnoGbua/i6Ck4brRfe8prmT+XJXmjktxpjkBBcZNwgJCEhCRIkeUlMXo8JVZqSI4UwWa/o2Yfm6dVi2+jW8sn4d1vf1YTiXwdBagg/5q0QM8baUrYE5qasHk7lvT6Zx7kEHoC2dRndXB3o6WqHJ0fJuQp1VKlC4rrimYSydpchorVqSX+diljwHvets3FBAs4AEE24NIit+x5203bcr6e8juNIQYxLhdiQhJ2W6rPiulWGl29RdVkwntTVVT2hRJMEaeYBASE7xjgZrFhrS0i16fZiFWdk6x78a4NSoSp7IQqPUeiFDQ7SaSWzu0gZYNb8lyXP+GCCtmJ9UhibpaIw1ohdRaOUqWxN+9TveNd5br5Zs8rA3Z3nXUoCoyzgjVCUSClMAl5b570vr2Jv/Lj6yYbxG3/nUfE7H2po7UvXZL180/hr/Wf6xyC/LoHrT9R5K9FaIEDV/J/Lrr9Uf1HOj75rr1lwPWY3O65x/n2j8cfPzPEsLv+6a5nLHH/ufm5/rk1bJtbWtSbJoe1mSpLJFzffpuTr26gH8f/pe19v5tX4PAAAAAElFTkSuQmCC', 1);

-- --------------------------------------------------------

--
-- Estructura de tabla para la tabla `materiales`
--

CREATE TABLE `materiales` (
  `id` bigint(20) NOT NULL,
  `nombre` varchar(30) COLLATE utf8mb4_spanish_ci NOT NULL,
  `descripcion` text COLLATE utf8mb4_spanish_ci NOT NULL,
  `status` int(11) NOT NULL DEFAULT 1
) ENGINE=InnoDB DEFAULT CHARSET=utf8mb4 COLLATE=utf8mb4_spanish_ci;

--
-- Volcado de datos para la tabla `materiales`
--

INSERT INTO `materiales` (`id`, `nombre`, `descripcion`, `status`) VALUES
(1, 'BOLO', 'BOLO ES LA PIEDRA GRANDE DE RIO', 1);

-- --------------------------------------------------------

--
-- Estructura de tabla para la tabla `materiales_contratos`
--

CREATE TABLE `materiales_contratos` (
  `id` bigint(20) NOT NULL,
  `tarifa` float DEFAULT NULL,
  `idMaterial` bigint(20) NOT NULL,
  `idContrato` bigint(20) NOT NULL,
  `status` int(11) DEFAULT 1
) ENGINE=InnoDB DEFAULT CHARSET=utf8mb4 COLLATE=utf8mb4_spanish_ci;

-- --------------------------------------------------------

--
-- Estructura de tabla para la tabla `modulo`
--

CREATE TABLE `modulo` (
  `id` bigint(20) NOT NULL,
  `menu_id` int(11) DEFAULT NULL,
  `page` varchar(30) COLLATE utf8mb4_spanish_ci DEFAULT NULL,
  `titulo` varchar(50) COLLATE utf8mb4_spanish_ci NOT NULL,
  `icono` varchar(100) COLLATE utf8mb4_spanish_ci DEFAULT NULL,
  `descripcion` text COLLATE utf8mb4_spanish_ci DEFAULT NULL,
  `tabla_bd` varchar(20) COLLATE utf8mb4_spanish_ci DEFAULT NULL,
  `status` int(11) DEFAULT 1
) ENGINE=InnoDB DEFAULT CHARSET=utf8mb4 COLLATE=utf8mb4_spanish_ci;

--
-- Volcado de datos para la tabla `modulo`
--

INSERT INTO `modulo` (`id`, `menu_id`, `page`, `titulo`, `icono`, `descripcion`, `tabla_bd`, `status`) VALUES
(1, NULL, NULL, '⨇ Dashboard', NULL, 'PAGINA PRINCIPAL', NULL, 1),
(2, 1, 'home', 'Home', NULL, 'PAGINA PRINCIPAL DE LA INTERFAZ', '', 1),
(3, NULL, NULL, 'Usuarios', 'fal fa-users', 'PAGINA DE ADMINISTRACION DE USUARIOS', NULL, 1),
(4, 3, 'usuarios', 'Usuarios', NULL, 'ADMINISTRACION DE USUARIOS MODULOS ROLES Y PERMISOS', 'usuarios', 1),
(5, 3, 'sucursales', 'Sucursales', NULL, 'PANEL ADMINISTRATIVO DE SUCURSALES PARA ROL GERENTE', 'sucursal', 1),
(6, NULL, NULL, 'Sistema', 'fal fa-sliders-h-square', 'MODULO DE SISTEMAS PARA ADMINISTRADOR DE LA PLATAFORMA', NULL, 1),
(7, 6, 'empresas', 'Empresas', NULL, 'PANEL ADMINISTRATIVO DE EMPRESAS', 'empresas', 1),
(8, 6, 'roles', 'Roles y Permisos', NULL, 'MODULO DE DEFINICION DE ROLES PARA PERMISOS A MODULOS', 'rol', 1),
(9, NULL, NULL, 'Vehiculos', 'fal fa-truck', 'todo lo que tenga que ver con los vehiculos', NULL, 1),
(10, 9, 'placas', 'Placas', NULL, 'interfaz de las placas de los vehiculos', 'vehiculos', 1),
(11, NULL, NULL, 'Facturacion', 'fal fa-money-bill-alt', 'modulo del sistema de facturacion a pronto pago por rutas y viajes', NULL, 1),
(12, 11, 'formulas', 'Formulas', NULL, 'formulas de facturacion', '', 1),
(13, 11, 'rutas', 'Rutas', NULL, 'rutas de viajes', 'rutas', 1),
(14, 11, 'registros', 'Registros', NULL, 'registros de viajes hechos', '', 1),
(15, 11, 'informes', 'Informes', NULL, 'pagina de informas a viajes', '', 1),
(16, 11, 'materiales', 'Materiales', NULL, 'materiales a transportar', 'materiales', 1),
(17, 11, 'contratos', 'Contratos', NULL, 'submodulo de gestion de contratos del sistema de facturacion', 'contratos', 1);

-- --------------------------------------------------------

--
-- Estructura de tabla para la tabla `permisos`
--

CREATE TABLE `permisos` (
  `id` bigint(20) NOT NULL,
  `rolid` bigint(20) DEFAULT NULL,
  `moduloid` bigint(20) DEFAULT NULL,
  `r` int(11) DEFAULT 0,
  `w` int(11) DEFAULT 0,
  `u` int(11) DEFAULT 0,
  `d` int(11) DEFAULT 0
) ENGINE=InnoDB DEFAULT CHARSET=utf8mb4 COLLATE=utf8mb4_spanish_ci;

--
-- Volcado de datos para la tabla `permisos`
--

INSERT INTO `permisos` (`id`, `rolid`, `moduloid`, `r`, `w`, `u`, `d`) VALUES
(1, 1, 1, 1, 0, 0, 0),
(2, 1, 2, 1, 0, 0, 0),
(3, 1, 3, 1, 0, 0, 0),
(4, 1, 4, 1, 0, 0, 0),
(5, 1, 5, 1, 1, 1, 1),
(6, 1, 6, 1, 0, 0, 0),
(7, 1, 7, 1, 0, 0, 0),
(8, 1, 8, 1, 1, 1, 1),
(9, 1, 9, 1, 0, 0, 0),
(10, 1, 10, 1, 0, 0, 0),
(11, 1, 11, 1, 0, 0, 0),
(12, 1, 12, 0, 0, 0, 0),
(13, 1, 13, 1, 0, 0, 0),
(14, 1, 14, 1, 0, 0, 0),
(15, 1, 15, 1, 0, 0, 0),
(16, 1, 16, 1, 0, 0, 0),
(17, 2, 1, 1, 0, 0, 0),
(18, 2, 2, 1, 0, 0, 0),
(19, 2, 3, 1, 0, 0, 0),
(20, 2, 4, 1, 0, 0, 0),
(21, 2, 5, 1, 0, 0, 0),
(22, 2, 6, 0, 0, 0, 0),
(23, 2, 7, 0, 0, 0, 0),
(24, 2, 8, 0, 0, 0, 0),
(25, 2, 9, 1, 0, 0, 0),
(26, 2, 10, 1, 0, 0, 0),
(27, 2, 11, 1, 0, 0, 0),
(28, 2, 12, 0, 0, 0, 0),
(29, 2, 13, 0, 0, 0, 0),
(30, 2, 14, 0, 0, 0, 0),
(31, 2, 15, 1, 0, 0, 0),
(32, 2, 16, 0, 0, 0, 0),
(33, 3, 1, 0, 0, 0, 0),
(34, 3, 2, 0, 0, 0, 0),
(35, 3, 3, 0, 0, 0, 0),
(36, 3, 4, 0, 0, 0, 0),
(37, 3, 5, 0, 0, 0, 0),
(38, 3, 6, 0, 0, 0, 0),
(39, 3, 7, 0, 0, 0, 0),
(40, 3, 8, 0, 0, 0, 0),
(41, 3, 9, 0, 0, 0, 0),
(42, 3, 10, 0, 0, 0, 0),
(43, 3, 11, 0, 0, 0, 0),
(44, 3, 12, 0, 0, 0, 0),
(45, 3, 13, 0, 0, 0, 0),
(46, 3, 14, 0, 0, 0, 0),
(47, 3, 15, 0, 0, 0, 0),
(48, 3, 16, 0, 0, 0, 0),
(49, 1, 17, 1, 0, 0, 0),
(50, 2, 17, 0, 0, 0, 0),
(51, 3, 17, 0, 0, 0, 0);

-- --------------------------------------------------------

--
-- Estructura de tabla para la tabla `rol`
--

CREATE TABLE `rol` (
  `id` bigint(20) NOT NULL,
  `nombrerol` varchar(50) COLLATE utf8mb4_spanish_ci NOT NULL,
  `descripcion` text COLLATE utf8mb4_spanish_ci DEFAULT NULL,
  `status` int(11) DEFAULT 1
) ENGINE=InnoDB DEFAULT CHARSET=utf8mb4 COLLATE=utf8mb4_spanish_ci;

--
-- Volcado de datos para la tabla `rol`
--

INSERT INTO `rol` (`id`, `nombrerol`, `descripcion`, `status`) VALUES
(1, 'AUTOR', 'ACCESO SOLO NOSOTROS PARA EDITAR TODOS LOS USUARIOS Y TODAS LAS EMPRESAS Y SUS DATOS', 1),
(2, 'ADMINISTRADOR', 'ACCESO PARA EL ADMINISTRADOR DE LA EMPRESA PARA EDITAR SUS USUARIOS Y LOS DATOS DE SU EMPRESA', 1),
(3, 'USUARIO', 'USUARIO NORMAL CON ACCESO A LOS DATOS DE LA EMPRESA POR PARTE DEL ADMINISTRADOR', 1);

-- --------------------------------------------------------

--
-- Estructura de tabla para la tabla `rutas`
--

CREATE TABLE `rutas` (
  `id` bigint(20) NOT NULL,
  `nombre` varchar(50) COLLATE utf8mb4_spanish_ci DEFAULT NULL,
  `descripcion` text COLLATE utf8mb4_spanish_ci DEFAULT NULL,
  `status` int(11) DEFAULT 1
) ENGINE=InnoDB DEFAULT CHARSET=utf8mb4 COLLATE=utf8mb4_spanish_ci;

-- --------------------------------------------------------

--
-- Estructura de tabla para la tabla `status`
--

CREATE TABLE `status` (
  `id` bigint(11) NOT NULL,
  `status` varchar(20) COLLATE utf8mb4_spanish_ci NOT NULL
) ENGINE=InnoDB DEFAULT CHARSET=utf8mb4 COLLATE=utf8mb4_spanish_ci;

--
-- Volcado de datos para la tabla `status`
--

INSERT INTO `status` (`id`, `status`) VALUES
(1, 'activo'),
(2, 'inactivo'),
(3, 'eliminado'),
(4, 'restaurado');

-- --------------------------------------------------------

--
-- Estructura de tabla para la tabla `sucursal`
--

CREATE TABLE `sucursal` (
  `id` bigint(20) NOT NULL,
  `descripcion` text COLLATE utf8mb4_spanish_ci NOT NULL,
  `direccion` varchar(100) COLLATE utf8mb4_spanish_ci NOT NULL,
  `telefono` bigint(20) NOT NULL,
  `email` varchar(100) COLLATE utf8mb4_spanish_ci NOT NULL,
  `status` int(11) NOT NULL DEFAULT 1
) ENGINE=InnoDB DEFAULT CHARSET=utf8mb4 COLLATE=utf8mb4_spanish_ci;

--
-- Volcado de datos para la tabla `sucursal`
--

INSERT INTO `sucursal` (`id`, `descripcion`, `direccion`, `telefono`, `email`, `status`) VALUES
(1, 'SUCURSAL DEL ORIENTE', 'CALLE 49', 4353454355, 'MARTINALMEIDA56@GMAIL.COM', 1);

-- --------------------------------------------------------

--
-- Estructura de tabla para la tabla `usuarios`
--

CREATE TABLE `usuarios` (
  `id` bigint(20) NOT NULL,
  `nit` bigint(20) DEFAULT NULL,
  `identificacion` varchar(50) COLLATE utf8mb4_spanish_ci NOT NULL,
  `nombres` varchar(50) COLLATE utf8mb4_spanish_ci NOT NULL,
  `a_paterno` varchar(30) COLLATE utf8mb4_spanish_ci NOT NULL,
  `a_materno` varchar(30) COLLATE utf8mb4_spanish_ci NOT NULL,
  `telefono` bigint(20) DEFAULT NULL,
  `email_user` varchar(100) COLLATE utf8mb4_spanish_ci NOT NULL,
  `pswd` text COLLATE utf8mb4_spanish_ci NOT NULL,
  `ruc` varchar(20) COLLATE utf8mb4_spanish_ci DEFAULT NULL,
  `nombrefiscal` varchar(81) COLLATE utf8mb4_spanish_ci DEFAULT NULL,
  `direccionfiscal` varchar(100) COLLATE utf8mb4_spanish_ci DEFAULT NULL,
  `content_type` text COLLATE utf8mb4_spanish_ci NOT NULL,
  `base_64` longtext COLLATE utf8mb4_spanish_ci NOT NULL,
  `rolid` bigint(20) DEFAULT 3,
  `sucursalid` bigint(20) DEFAULT NULL,
  `datecreated` timestamp NOT NULL DEFAULT current_timestamp(),
  `status` int(11) DEFAULT 1
) ENGINE=InnoDB DEFAULT CHARSET=utf8mb4 COLLATE=utf8mb4_spanish_ci;

--
-- Volcado de datos para la tabla `usuarios`
--

INSERT INTO `usuarios` (`id`, `nit`, `identificacion`, `nombres`, `a_paterno`, `a_materno`, `telefono`, `email_user`, `pswd`, `ruc`, `nombrefiscal`, `direccionfiscal`, `content_type`, `base_64`, `rolid`, `sucursalid`, `datecreated`, `status`) VALUES
(1, NULL, '2343242', 'MARTIN', 'ALMEIDA', 'CAVANZO', 3107698290, 'MARTINALMEIDA56@GMAIL.COM', 'ADMIN123', NULL, 'NA', 'NA', 'image/png', 'iVBORw0KGgoAAAANSUhEUgAAADwAAAA8CAYAAAA6/NlyAAAABHNCSVQICAgIfAhkiAAAAAZiS0dEAAAATQBA993kfAAABo1JREFUaIHtm2tsFFUUx3/n7pY+aOUl8hQUpCBVFEFbhbJqqUpbGxUsRkXxEcUoiYnB+CAxxoigiR/UGI0vfFVRUFK3LcWi2bZIBSoiT6uAq9CCL0BbqNCd64dpt+/tbndmFPH/ae+dc879//fOnJk5945gFzweN71JRzEZSAFGAUOBfkAcAMJR4CAG+xB2gd6GZgOFZeV20RJLo12eOoj4uDxE5yJqes8D6QAGqxEK0IFlFFYctIqiNYJz0jNA3Y3I9ZbEaw+t3wVewuuriDZUdIJNoQ8jkhEtkbCgdRGBwCKKK9b2NETPBGd5BqP0M4i6uacDRwWtX6GhbgGlVYcjdY1ccM60W0CeR+SUiH0thT6A5j68vuWReLkiGuNqz3OIegqR2Ij8bIEkIpLH2JHxVPtLw/YKy8rjiSOJFYhk9ZifndDGcrxlYSXM7gVnT+2HchWBpEVNzE5ovYbauhlUVR0PZaZCBklLiz8hxAKIZDCkd1F3ZqEFD4hdcUKIbYao6eR4Pghl0nXSyvG8gJIbLSdlN0RSGDMiju/8azo93KlTlmcuLnnDVmK2IzCLT8pXtO/tKDg7bRgSuxORREd42QWtaznYOJa1a/9s3d3xGpbYp094sQAiQ+jrfqZDd5tWzrQrEFXiGCkn0KgvpthX2dxsO8NaHnGckN1w8XDrZssMZ6dfiXKtcpyQE2g1yy0zLDLvHyNkN1wEtZkznJ02DBW3N5qY98zI5aFZLbft+oYGxt87t0exNj77MgP79Am2X/+0mMfffzMaevCHTsLnq3MDIL1mRxcN+iQkMmLgoDZ9i+bcySNvvxpRnPuyr2XSWclt+vonJUVLD3rr2cBr5imtJTf6iB2RNTnyp9K8qZdaTwRAmRoVOZMSUOKxY4yUEWeQef6ksO2Thw7vMLuWQcgEUOiEdKtjBwwDALfLxbyrwj95Flx3AwmxZgW3MRCwmJXEkzU1VaFkssWR+b52X5DwlPHnhu132bkTg793/OS3mhYoNVmhOcfquMeOH2f7Tz8AMKhvPxbmzenWZ27GVYwaPASA3ftrOHyk3mpaAOcokFFWR41xu/GuXxds56Ze0q3PzZdmImLeJUu/riLG5baaFiCjFObyh6WIcbl59J3X+PUPs4p63pmjSRs7vkv70/r05aLkcYB5/16y4j16xdghmKEK6G91VLfLrCtUbN8CQC93DPNzru3SfuHsOSTFJwCwvnoHuw/U4laRFVTDgtBf0bywZSGaBb9UXBBMXtNSzuvSPvN8M29qrXnr89WAeVlYDk1c6JpWDxHTJLhk0wa2+vcAMPzUgdyfO6uD7cxLppE8dDgAu/bXsHTNqqYYtpzSKKDB6qDNMwxQsL5lGWjWlI7PN7dPn4FS5v9e8tWGTmNYBqFBAb9bHdfV6vp7LH8pPx8yVzsvGD2G8aePbGN78bgUAP48eoTFy/OD/TFuGwRrfldAjdVxXartlVLelLzie8XywDV5wf7Ft95Fv0TzxeDLb3ew97dfgseU2HK11SjQu+2I3BovFq3keGMjAJdNaHmaypqUCpjJ6o3SYrtpAHq3Qthq9zCffbOJLX7zfz1z0BDuyMziyokXcnbT6V1ds5f8sk7LyFZjqxtDb+xm/cESrKys4ILR5pvQTZ7pHKqvCyamkq/W208AwDA2KuSIbRtIWuOJZW+z/6CZHy8cM470lAkAHK6v58kP3nGAgT5KUcWXCm/VEQztc2BEyrZtBiAxPp5TTzFLOOt2buPnw4fsH1zzKTQX8UQX2D8ivOD9mGONLauZhmHwemm3C37WwDA1NpV4ji1zYszy7VvYvGdXsL1z7498uNaRkwvqZRk0Cy6s3Ic2Vjox7kdftKSM4iqHkpXWb+Lz1cFJXYgvLC9xKnk5Cq0Lul5bEr3IcUJ2I8BTrZttBXvLVqN1Pv8VGPrl1rMLna0P678eROs6x0jZBa1rOdS4oH13R8GFlfswmO8IKTshxvz2q//Q1aaW7/xfkzxyICIX2U7MDhjGYrzlz3d2KPTGtGxPEUpm2ELKLmj9IV5fXleHQ78n/fbXTNCVIW3+TdBGaSix0J3gysqjGIGsE0K01muore92L+hJt7k0vEqZ399ItT+fsSMHgKRGRc5y6CV4y+4O1zqy0mC1v5jkEXuAjH9+z7Q+gOY2vL7nIvGKvBZa7d/MWWcsRfRgRCZE7G8FzE8Aclm1blOkrv9/5NEjnDSf8bTHSfOhVmf4l36K9zc64yDCMGOJbAAAAABJRU5ErkJggg==', 1, NULL, '2022-09-08 01:36:11', 1),
(2, NULL, '1096241229', 'CORSERSUM', 'JAIRO', 'JAIRO', 3107698290, 'CORSERSUM@VOLAPP.COM', 'ADMIN123', NULL, 'NA', 'NA', 'image/png', 'iVBORw0KGgoAAAANSUhEUgAAADwAAAA8CAYAAAA6/NlyAAAABHNCSVQICAgIfAhkiAAAAAZiS0dEADMAaQAeosu05QAABxRJREFUaIHtm39sVFUWx7/nvmmd0tIfFEs77ZQtK79KF+lMaVcXA9gKARM1qF00IGKUKQkaTRYju+4mmii7aOIGjEyLcRV/rAV/1lgVYSMREXBmSm1XQKEl/TWlQLtMC9NpO+/4x8D0J9OZ9r6pXfz89d6755z7PbmZO++dey9BKxZCZ56ZegsrlEMq5jDRNAIMDCQQoAcAJrgBtAFoBOMUM/5LhO8c1vqvtZJFMoNlPZw0JUKJLCQh7iCgYKRxmNkLYA8zynoElVZtr2uTpVFKwtkWQ74QOguAe2XEG4jK/LZQYbWX1B8YbaxRJZxtMeQTKZuIKH+0QoKBmcu98D5faW36ZqQxRpRw5prrk/UT9C8QaNVIOx4NKvMOoXZstJe0XQjVN+SEsy3GB0hgG4FiQ/WVCTOfUVndcLS48b1Q/JRQjE3rjVsF0WYCXReaPPkQUYwgUZgyPy7KabuwN2i/YIymroE+Mcr4PhEtH7lE7WDm9xzW+qAmzGET/t369IQI5nIi+v3opWkHM+8jtX6ZvQTdgexEoMa0e9OixkOyAEBE+ayklw9nFzDhpER6fzwkewUCCszr03cFsrnqpGWyGF8mQffLl6U5cww5E/VOm2vfUI1DJmyyGB8kQc9pq0tDiBYk58RUN9vajw1qGvjgxqK0VIXoOIFiwqNOIxjOjq6LM0+8dr697+NBv2Ed05ZxnywAEFKiI6NeGPy4D+Z1xiVQ6IvwqdIehvcmx/bGQ1fu+40wK/hz+CVpDNOmvrf+ETYVpS0lEp+HX5H29B1l/wgTUVE4ReTMuBmpk9PD0hepvbkR4JuZdSQatOx0ee4K3PmHP+K3KTMwcUIcFOH7R+zscqO5rQlVNQ68+tlWNJ6r06R/9zn3xB92n+1QAMBgjnuEiJZq0hOAFy07sHqJBWmT06GPjIKg3qlDp0QgPmYSZhrnYHnuCggiHD1lk65B0Ss1zXZXhS/h3LjNBPqN9F4AFD9RipszF/qTPHvhDCpP2VB12oH6s6fh6fYgLjoeilCgj9TDND0PIILjp8OSlTCcNte7OvO6lAkALZQcHQDw11VbYJ7uexVnZuyxf4K/vPboILsFWbfiT4XPIG1yOnRKBFYXrMOBqn04Xl8tTwzRbQAgWCi3yIvaS1ZGNpbOv9N/v//7PUMmCwAHqv+Dp//1GFyXfBWbaH0MHlq2QaoeAkWZ16XmCQblSI18mQdus0AfoQcAtLafw3NvbwpoX11bgSPHe4uSM1IzpWtihXIEAVnSIwOYZewN6/jpMNo6zg/rc/Tkd/7r2Oh4LWRl6QBMkx01ISYRSQkp/nvbiYNB+R2rq4LtR5+tp9sjWxYINE0HwCA7cFbGPOiEDoBvsio/8mFQfpU1NhT98z7ZcvwwwyAImCQ78JT43tHt6unCJc9F2V2MDMIkweRb2JKJTonwXzNYdviRw9AHrGn9PyKI0TnWIsIGoVMw0Co7rsqq7JByYLQKAE2y47a2n/NfR/T5PY81RGjSAagBkCsz8I8NP4CZQURQhIIC0+3Y6/h0WL/0pAwULlwDAOjq8WDrh5tlygKDawQDEt/QfdS11PYb5bxZC4Lyy74hFysXr8XKxWuxYoEmJfFqQWD5H58AaptP+q9N04NbvMiceqP/ut3tkq6JvGwTpHo12UBSdnCXf/KaOmUaNtz11LA+ebN7P9xONZ2QqofBbntJ42FhL3FeYvB+qdEBlB/5ABUnj/jvVy56ECsXrb2q/bYNO5F2ucbV2d2Jt/a+KlcQ85cAoAMAVlFGAtKLAM++uRHFT5QiOcEAfWQUHr/naSyatwS2E9+irqUWsdHxyJw6FzkzboIh0QjA95f20YF/+z8iZMGMMiAMRbysjGw8u+YlpCdlDGvr6fbg44PvYkvp36Tr6FfEO2NztRvmx84DaJbsjlr+14zSr15HUnwyEuOSEK0fvIrT2eVG9elKvPLxFuz8sli2BEBV3/h+Z/MuYAwK8QWm2zE9dTbiouPh9lyCs7URu/a/oWmffQvx/daWTOuNX5FGBb2xglktc1gb/MW1fl9L5MXz4ZekMcT9Xtf6JWwvqd8Dld8JryLtYFaL+64cAkOsD/cQP8ngjvDJ0giG82KXe+PAx4MSrrQ2NELF0AXkcYQK76MDV/+Bq+zxcNpdR1PMsdcTkdSvqLDB6t8d1sZtQzUF3JhmKjKWE9EybVRpxm779rrCqzUGrGm1nOe7mflQIJtfEgzsDZQsMEzCDbsb3N1Ey8dD0sy8j7x1w+4FveY2lwa1ffhCJXqcNtc7KfNjEwmUNzp5cmHgHw5rvSVY+5D2Szttrs+SzbG1IOSP9Z7pyxvE11ZYG7aG4hdSwgDQbHdVJsy57nVdhC6ZQHND9ZfB5SMAd1SUtFSE6vvrIY+RcM0c4xnINXNQa0h+oUfxfgYXw5xE275d6QAAAABJRU5ErkJggg==', 2, 1, '2022-09-08 01:37:45', 1),
(3, NULL, '324234', 'USER', 'ALMEIDA', 'CAVANZO', 324324242, 'MARTINALMEIDA56@GMAIL.COM', '1234', NULL, 'NA', 'NA', 'image/png', 'iVBORw0KGgoAAAANSUhEUgAAADwAAAA8CAYAAAA6/NlyAAAABHNCSVQICAgIfAhkiAAAAF96VFh0UmF3IHByb2ZpbGUgdHlwZSBBUFAxAAAImeNKT81LLcpMVigoyk/LzEnlUgADYxMuE0sTS6NEAwMDCwMIMDQwMDYEkkZAtjlUKNEABZiYm6UBoblZspkpiM8FAE+6FWgbLdiMAAAgAElEQVRogbWbebydZXXvv8/wDns+e58hJycTZCCQhCQiIogYAWmdLjghFrWi9NZZqrX3Vq1FrdeJ2tZqay+Wem2r1irWoqKAxXKDgAgEw5QQMufk5MxnT+/8PM/9Y0dLW69Va5+/9rvfd+/PWu9az/r91nrWEvwXrWt37NDvurJxwYH9wdlLfbu5n9q1SDnhlcvNTpqF95+YJnUmXjc8sXh8dmoyzqP9hRKPCCV+cN0/3rvzv0ou8cv8s3/6tYuWrRnOX77s+ebSA1+pPee084bYt0ewEDkSk+NLSVAeop3G7Dp+DDyfih+glUcULRLlMUb79OLUKN+/tRSom/Ku+dJHvnnn4i9Lxl+Kwt995QsvFr58fSjF5Zu2TeHGV9C+f45wfD3HDyf0C0Ga5yiAoIIIA+45uAehSxTGEAArG5KN63rcd1Cx76ih8ATK15SEz5ozNn4+8/y/eP3vffzO/6ys6j/z40fef8XFr1q1+jNSqPcpweZG1VCs+yH37xynmyUI2UAnjiRNUQ4EDuEF6LDE/hPTBKUKyhnKSlJXbU49tYanPQ5PZRjp0wokl5wrODAVbLXOvO6Cp20650UXnHn4W3c9dPQXlfkXsvAj175mvLdr5rrmjtqrMClJ3+PwY0tce8d+Hph2UEvAczxnoso7ztpEqxxSGIPVPolTqFqZXQcOI8shWZ5TUQJczrO3LLJ8RcBtd+a40PKU7Rn33ncm86rAD0p084xAwPTC4mcWp/b+zvXfOdD+eWX/uS18369c+OvLn3fazcufecbT9n/tAUY3jlPWBZ+87QC1lsczNg1xwaZhLtm6hseOzVKEHsuNz1KckKQFi3M9hifGmem0MdpHKo2SAuFLdOaYiQuWTxgaE3Vuu2sFQ2Mj9KzB8wM8qcjTlKwbPfW8Td5r3/yClx363D/d8+jPI7/+eR7e/coX/WmSJ2+d/+ID1M/RnP66C8jm5unW6mysG7ZfspHRU0KUl5CmGaet28Sf3Xo7LwhHkconp0CaAmMthfLx/QpIh3YWJQ19B6tHSnzx5oyhsuOUiYSwWcN34ATkeU6RZ5x7uubwbGXZ0zef8mX3B9d8VLz3E7/7s+rwM7n0d3fsCKvLajce6fWfT2xYNlQmT1OkNSg0k7MdxjddQGv7BGa5pDrkMzt9lKh2Jh//q7/nLX6G0JbECua7CY1165i1grBWp/AE1jpM3kMCl2wLKUaHkTMHWFCn8cMTBSbuk+cJ3TSmaC9x7oYFDj7R4tc2r6bRPYgT8Vfku2+5/Jei8DdecGbTpKWbh6qtc6URKOWTO4PUBinBOUHcjdHhBhY3jqKXaZyXkEnF7t2PU1q9iaed2EdydJ7IWo4udhhet4F0eBmlRgsV+BjPo+SFuJKivmI1jWpIWmToQLF//z7mZ6ZJ4oQ4z+nNLzHqCcJyyDXjyxFf/xasHYZC/dMuNfy8s6+/Pv9p+vxUl7773HNL5Ur55kjZc7VSFDZHuRwnHUkBvlYU1pIZy1DoMDPT7M1Skn5KY6hgbavCyq2nIo8+hrEps/2UfrWJyHLKqoyotrC2oN5axsiqUxhavYK161agBUwdn+b7d9+N6RmqQhMqScsvIUuCVrVMa2SC+aefx7Dy4MavIheji88KH78ZuOQXtvC9l190s4d6niksgVcly3MK4YicweER6oLcWLrdPuec+nSOrRxjSR9nuDLOvJth2fhKpsKVzP3VX/LgEwc5KHz8apVaucTyU89g+cYthIFPqTWK1xohE4JemrFpy2lsmBgh8D2iTo8sScAYpJZkeUKRZ+gwoFqv0awPk83tJXpwP9mj8+hjj355+LqPvPzntvDDv3bJp2wunueUJXKG9lKXoOxjrUUJQSFSHBItBTUV8Pjhxzh/6xn8YPEItOfo6QJm9hH7PvuOLzK+cg0rg4BatUobS0rO7kcfInOWdj/CqzYIa3UqWrF8KKSxYRVxmhOlFlMoZuZ6WGnZ98RBytUy1XKZZ507yuR3duIlGXEjIbkgI5TrL5+84LYPr7j0knf9zBa+95KLrvIb7rNWBoAhyyBNDShFnlsyCoSAQHmAYCruMue6vPI5VzKlphFejRMmotz0mM6Ws+bwHEJmnIgiFuI+S8KxZ3Kauw88wVC1QRgElMIKjWaDdStGaI1NcOnr3sjIcIsTJ+YYHx9h8ugM5YpPP8lZvXoZ048+hEimqGcpOu4isxQtLBgFJxQ48TJx9atv/A8VvvuiF6xwMt5TalB1yqcwCdr5mAwSA4V0RLlh3mX0SopybYzhyhCjYYgfNMmLDvbUBj3R5c4fHmPbuU/n0NEF1IlZ7r3nTno2xQsqJFIhtUc5KGGkxNcKrTVnrSxRWbOZZevPotSa4M7bb2fd2lPYd+ggjeYQYbnEueeczbZNG3CT0+h9R2BuFkQBiYUU8APw5RSF2Ciuvqz7U126MOnHnLNVMoHUGYHyWOhHzKuAqFKjUqpSET4bwpDRWh0hPHSgSMOQ71k4ODnJXTfcShYt8ZIXXciI1+GEmUFdeBnnb9nEsYOHeOSuO2kffoL6xEpSJNZZYgoCYdFVwWPHDvLd275KyVqao2v55u7vQGUIjMMYy6b1p7Ln8BD9TpfRDWspb99ENQyROJLFJfx6HWvM8txk1wFv+P9a+PYLL/wVjLilLS0ysMSqhK40GBkaZUj5NAKPMCwjpEBojzjtE+c5h5ormR1ZSZ4fZix/jFZzAqULhAeF6TE5L4mXXYztHSH0NO3MsNjusXvnd5k/sh/PL6GloOULnrbcsW/BcixxIDyEk2xY2WSxBz2hMGjOXjvGRa9+Exs2nM7knidYmp7lhNPE/R6laAkTNOlmhvERTYw779JLn3/PT7Tw0XL93Y1Wi2VhiVG/jCwyEJJSWCGo+AilWIp6zLV7HDl+gGhoPemWs/DLDuUyMmOpNDz8wFCuhEgF/Silq1bgenOUvRBhE5qhTyMcY8Xlr+aGa38LUxN4ApohxJHk8XlLX2laocMgCNIYz0KUWppKEplR/u4vrmftxi1cOvN9hlc0qN4/y4372lyxTNLtLaMdWJZffQad8eq7gMt+pOOPufSeN/z2r64ql39vZVij4fmUyiG1ZhPlhURxzP7po9yz9xFuvf9evn3XzcizXkaw/RzC0KC1xbiUaq3BsXbAqmZCuVxGSsVCVCPS45T9DCkc1oLWPtJJPL+CV1/G/vt3oryAirJ0c5hJHf3MMVRfxtzSEsOBAykIyPCcoRqE3HrgKOeM1HlabxZ5uE21WkMealMtLCN+yvG+xXQTXG964zVvfcktn/7i7cf+lYWHAvUGvzGCEwqUZGp+hr2PPcLeo4c5tjCH0oqR+hB1v8pTz/gVtp77LGZkh1CHIFOUVSgV0Bw5lR/MBTyr1kU7R1evpOaHZGlMnjuk8nDOYaxB5CnrN23n5iOzlDY3mY8clbCghKbvLNMnJsFTTHdytExYU7W0E8fdj+/nlBRW3fQd9iWOSKQEwqMUSI73BIs9jwBQk13CLachHtnzBuCeH+/h+be/Z8XRmclj0/0eu/ft48j0cVwQ0mqOoqRACkEgHYWDXm+RS1/0O0yvnaCne2gN1iZ4fhWQFAa8QJGlM5zRWGRaPYV2dwqJwzof63JskWGdJihVEP4Y//CFT3PiwZ1sXllHSskdUwUaEFJiJaythjjhWBEarBD0pE8QKX6zOUpQKshm+ixOzmKXNbBYlJAkxuIHAq/iY0oKcebW2oXv//OeBvjY5z97xZS0jFbq1IMKp65Zj+cprBO0ux1iUbCY5mSmYPHgATau2cSiahOnXTxj8bwqQgDW4YoMJwPamWIyX4l1PbIoJgirKClwFrIiR2sPkxUoWbDlKedw/M4vc89UQGYVKIcTepBUAIkRLOY5+5YMSii6RYezWkOMJF12nuhRjRdYc/U1dL70eSp1Qer5RN2cXiQYHy3QF5xDf+KpV8Cf36AB6suXX7pCSXLjWEoz2r0+sXNEcRsrLQaHRWJtgWw1qNbqyN4svudhXJ/CSFSeg5AgHYIMaQU940O8iOeF+EEJgwPrKIUNljoLlII6gcoIgjKeg5oStIWhZxyhGHiWMY59Sx2EEJzZlHhS8FgfNvmW40kfn4zq6s1MWsH3M1iV15BWYhEMyQx/UdLbu8ja89ZfCtygf3P58rJz+Y7p2DHb6+GcIPA9ulmMj0XhsAPj0Y86nHnOZSwZg/MUzoLn+5QrQ4y2arS7XQqTkffbYAyCgjh1BL5CeJpaucZSu4eWBW7JYJxD4mg2KoQJ9EyBcBoPQDisA5yj7ksaYYAKNRMdy3mVFh0Kxpuao8ci6sMtFjPDNllhvFRBLSuz84klSkYi7TT5ylO5d++BSwD0eH30gn5ume50SJVDWOjFKRpB4gxlKRDIAWhnfZaNr2Rv0WfBCMJAsZTE1BoFx6c7QIbnS4wDY2LCYIi47+OEIM8K8qyHQ2GsITeSUAyie8UvUw7AeYrEONqZxXeWeqWKCDTOFMxnGcdnU7wMKv2CSAlOVIeQaUZ15UrKq5fzQHScw32LOhIRS8djRcLx9hSnnLKVy9/+0tJf//WHnq4fmT9xtnASTymEdXhCoYVECDBuIHxsDQpBtwtUSxy1KUZKjC1whcGYFFOUQBQoo8gKi5ASKSTSKozNKXJDkiSElQpWSpx1KOcwaYQNaiQV2NKy3HJCU5YCTyniKKLoO6QaXHtKc0qo2S4kOMGugwvkLsHseZTzXng5q7dewY2zP2QmjlitDKs8S8X28Lp93nTlFYyND58tq1JvqWiFw5FbS9/k9ExB31qsc2RYFAohFQGQ+x7C9NCeJc9CQk+QRilYA86SxClxmuP7Gj8IsSe5nHUGP/AockOv08O5nLyAxDqk1mzedgm7ptqMaIE1OSbLUQ5KgcfwUI2JVpPRcomFMOCoL8mcY2MQMuyXyG75OtVqiZvXalRgWSO6zOd9FvI2J+Ycrlrhznt3caQzu0VHrliLO2kNMVDc4XBWkEvAWHAW4QQG0KpKavoEeCcLAIrpE8cYX3Y60hOkqUIICIMAV0iwIAhJ0h6BXwdRMD93CJtbsCGVakCW5cjWBKKwdKShon3CIMQ5SEVGlqTEdoCiS8ZwWEI79NhNhshztr/hrTz8xONM/8kHqKxay3xqSGcSJNM0gNnJoxy763GCD5XX6kKqCeUEBeCcRTpHLiEQg4DhSYmUg6ClJEQ2p+YPkaQzGJuS25yNQY3dB3dRGxrD0wFaF1B4WGtBOYxTmDwlL3rkzmKtpDWyCuEsQaARAtJej571SHIwtiDL+3hKYrXDlQIKZyhyywFZsNfkFMZRSw3znuH+79zEi8MRLnrvH1HxNaXRYahUCBoVKqMNGqPLuPyKl1Aea05o6URLCpBCIpxFSYWPHcCLOxmelUBIiT/k0z0+ydC69djMIzE9nJDsyWKkTPClw/MG6OSAPMvAQZp20FiEyFlayKgPrSIoh4CgKBz9+SU+/ZUb2VaDbMhn9SlraNTr1CpVqiWPVrVKIwxoegGlIKQVhDT9kLXDK6jJAOlXwUooV6FRhfERGG3CUOXf5oMt8aKxcSME0kcipCCUEikscW4Zryu6haOTDfa3yVKy+UXe9PG/Z96HerNCnKQkWUEad8jTY9TqDTytSdOckZFRjk3OUtgIJSSddpuhzjFG1m3FW7GdPIXu/FGq+XFkqKh4PkIajFTkQmIFeBLyNAMhcM6iEBhjwTmcsZgsJ1AeoTUUvQTlFCVdxgtKSC8krFep4aOEhzpzzYK4DIwPUgHmZDahgQaQA0eADKgDa2qrGVpR4/yLX0X3zO0UFQnGwNQDdKYPc8LklJetpFRtUqQ5zdYQS+0OSZxQNV2GzCShV0UJeKjbYP+i5qKNFcq6IDUW4yxpEpPnlrjIyIzBCUthc9IsBa1BK5T0QAnK5RDrBShfI5SiKAqs1nhCIDyFLSy2KDA4JAJMvCBuev+1/cZIq1wdGaHcaOCXoFIfItCDenBpqEFoBdI6QEInASe445GIA7nDa++jHu3DIjEmR3jQ9SvsObLA5g0bWBYWLEWWUHQxSYfJ2UW+tesoj7YljYkxosYYFw2FnLumgg18nJIIP8AoQW4tic0RCDxfgZQUzqKEQmIonMVYh3QGz/eQTmGdpbCGvDB4YYhE4AQkeYpLk+PCFMlRqYKVT3Z0R4qjjSw6uKUOdnYJu9jHtmNcJ0EsxZgoZW+k+O7sHszsEVZOjFGvh9SGAkqhoNOTSJmRJhHGtpha6jNfdPjavXvJUoXnh4ihMqreZGx0ORdvHSLNc6RSCARWOBQOZy3G5iipkEqAEGitMHkOJyENQGmNkIIsNzgE2vMQSoMZUOOiMIikeFi95mnnvqJ52mkrjI2xaR+zNI9daOPmepj2Iq4XQWZR2kfpAKU8dFjC8wOWj9R4/NFJ/vDuw+ybz5icWWJs2KNSkmg9gJyjx2YgHGNOSnbuPsDUiSVKQY3MCDxp0apgITGcPqFxeRtshhIptkjB5bg8RmuB53lYW2BtgZIapTVK+wghkUojpEJID609AIo0x5h8cE+ogVcUPKie+cDxize/5aotQnhIHSLLdVR9CNGU6HDAsGQGopcj2jGinyIW+4h+D7THdX/3z+jhGl7o080zbt59hKaX0Sgb+m1FqxXiB5av3nEfD+45hqckSvp4XomhSkBFS/I0w3kBp6xo4nkeUil87SMYcPUwDJFC4vslfDWAMT8s43se2vPxPX9QBBx4PZ5SSK0ol8p4UoIr8I3B5dlt+sHhww9v+4cvMHz6GQgrBpCSJ7ioTTG/CFGGyByuHaHrVfK4j0SQuZTAZISjJYRVSGHRGla1yvzlziO8Cc0ZK0NKYY2pqaM8e32Dx4/OYZ3ASSiFHvV6iVIAsg8HDvc4+8wxlNIoAVJ4IARSAtZSCIl2kJuUsufjCUeRR+CgHIbgBoHJOoPWPpmziDwB47DGYkyGLPoP61Mve8l9dz9+H/5jD6B1BYsAoUAqhIYgLON5Pqqs8IQh0wKbpfhBgCtSxtaN88TeKZp1DyV80lQzWkr51D/v4fy100RRTNzP2DvTx0qPZqOBFI5Or0M5sISjVbQPc/vmqXqbUHmK0gpPgTuZTjpXAPDSV7z7x3HG9OZRKApn0LXhH39/4+feh6xo8iRFSUGepIAkSWOEkPdpG1V3eiOVgWWFQCsPz9NIKfCD0oAHmwJjLCZJTgaKElarAU6WPZAZtUYVJQSum+KFimoq+dubd/POt1xCpewxe9vD3LfrOP7GMmUcWW5YUo60SJAqQGsH/Q5Ih7OKNI7xPB9rCy6/6v2AoXj8ftK7v4Z95IPYRXA5CA2iAWrr7xOcdxkvfc21gOBvrv99ipM+XqQZcRrFb3nnJ78vAL70mev/2fPEDmcHybvWEqUUUkgQFlMk5GmCpweWV0qSpBGer7h950Pc/cAJTj99FKUdM7NLTM3NMT+T8ppXbGXTumVYa1DKZzEy/PChQ9z07Ucol33KQQkdakzh8ZRtq3jOM1aBkORZhnAGPyxz+VUfID/0KMnfvh5z/E5EGZAlEB5kHdBVsBEYi+uCWrWD0mv/N3rNRj7zyf8JAoo0JY57N/32e2+4TAII2b9JiQhYxLkuiAipUgxdCtPFklOqalQIVqRoXxCUfYSWnHH6Khan28zPLTI1OcfC3AImTonyBIQkKSxKlYniHpVyQKUUUOQWXyiyLCPuRew53Gbr6SMI68iSDN8vU640ufyqD5B97yb6H92M7d2JaIyAHgYRQtxBXPoPmKgHogy6ihgqY5fuoPfe00nv/Cb//a0fRUp50kjBTQyYBJD1v1SYBOl5CCUBh8nzwU3hcBack4CkVCoPcE9pPM9nYnwEYQvm5hdot9t0e13SPKPp+5y1dQND9SZSacrlBloKHn7kKJWSJjUZhc3oxTnPftoYw62QXhoR9TssLc3y4le/h+yum4i+eBmiOQpyjB+fG7hFaO6gtONSlsKzsbb3LyRClmFEEl3/QtLv3czVb/owSdxj8djslzjJJPnyN2/vvuLSS7bjxOlFYTC2wBqHMzkINQBtMUgb4zgiiWPSPCNOYhSO3OY8cWiKPE9IshxrDLO9hAvPXkWn16aztIgxlmNHpvmbrz1IoxaitMbi6HYFV71iO9IJtA4QFn7j7X9Kfvgxok9fgBgaG2QjT6JFpDH62R/EO20bWaToPHoTpcBH4Ab3UYhSQX7HF9BnX8n5L7zq2xe+8OWf/RcLA3lW/EWRD4KTQ1JgyUyONQXW5qRpSruzSJZnJFlMnvbJoog47fOM8zZyYP8ixtoBM3KCTmzopylJnOL5IdYY5hf71GoBCIGxBd1ewfOfs46RZpUgCNFKE9ZqgCX52zciGgqiGYinIZ8BMwsUuAT09gtw1lE7+0JMBAuJwZkI8hiiBPogWhDf8FbAbf2xA/zowxVvfM8tcbx4R5p0sFlEEffJspg47lOk0YCYZ2CSHCk0QvoIqXBO0Rqq8JY3Xky/N0gvtVLkPYNVUK2VCEOPdi/my/+4i3qokNJhC8HqiWHO2bYK5wRFnmCKlCuv/gPyxx/ETN0BmUG++GsEv74T/fRPIBqX4ubaiKGzkONrcNYQrjgFWVtDcSKmXX0R+oJPEL7+TuzLv4JJwRy4lXzfQxOTqTsL/k22qLT3oSLPdnQ6EfXmEFHUwfc11oHnoHDFAH+dRQqPUhhiXE6cppy17RQ+94XvoUsKWxSMj3rsvHMfFz9rLb5S3HXfAUQgccLhnGV60fKON5+FkgZzsprhTsqR3nPTIBqrBsVXX4R67zTB9mcCb8NlKS7qniwpOZxzrPzQfahKDekHOCCePk77j56JrkGlBuld36C5fuuVwANP3hy86s0fvDXN8i8EpXBQixYS4QaVEOMsnu/hioHbDyigJM9z4qhDHHc5c/MohbEoJanVNF/4ykOkmSGKI+7ZNUulVkIpSZYV1MtlMDn9KCFJIqwR5AN+gX34Y4PI6zxkAMlHzqbodXGFAaEQ1SGw9uTDFlUbAqlwxpB32sy9ewW6BkIERA6KXZ/BFzzzX7n0j5bN+B9RnvQEGil8pApQXhmEQmmNDkKkUuTG/Lg6aa1FScEF521isV2gPIEo4BUvPhVkRpL22H56DZsbEBAEPr/5qvXkSZs8jmgvzjC3MMn8iaOkSzO4pXgAPTgQLZQ7SvTHV2KtORm33L8W+uS1KXKmP3g52gMhAwQOKTXxiUOoLF7z71wa4I2/98eTf/bha94aR8lnnVDEeTEo4pmCQlisMAM+3I/wAk2WRDgyXGFZ1hC88lc38INdBzl7x2mMNQ1T+58giyI2rmxgU4Mul1iz3Kdz/DG6TlAYBi9TOfI8HeSvBsSTlVJDqOPfIL31C5RecBUU/74zSSjN4tf+Ejl1G6IRIBiAmBAOUQBFUf6JCgO8+V2f+D8fe/drzk7i4s0eEb7WZGmCchFF1iclwNOSQIP0PWxuiKIuuQ1pDS9jeLhKY8inSBeJFmaRnodXEqxb06KfFoyOLSNpx2S9LoJB0u4clCtVjDODcyr3I4gBiiXE6pdQeu4roSh+ksi4omD40tcyu+sbuPlvIpSPEBbhHNIDtN+H/6Bt6f1Xn39znovnaV9grEMrhR8GmCwl0AonB/soilM6UUTQWI7n11GBT6ksSNpTLEwfxhiHXx1j4+btZE4TxRl5bx6KPuVShSxL8YKAUljlDe/6K9q/PQZyHkQNbBvEGZTf/wPww395CU/2APEjNQQujZh75zqEmEVIjXQFQmyk9ak9d2shnvHv9vCT11LHvFSp7B7fF5RDn0qlDMailcS6BGtjlvpz9IscHfpIqVCeplzSWCMJw4DVp6xjwxlPYfWq1SRpiikyFAaExhUp8zPH6HUXmZ2aZHryEABqy9sgt2B7kEL5PTuR5QpSK0yekS7NI+TJ4x8pSRfnMHmG1ApVqTH8wYcRMUhXQAH+U19L5tj5H1oY4PN//rvNuWMHb846s+f2c5DWUa34qHKVsFSjUq0TJX1sUZBksNRJEZ4kLHuQzTA7eRjPCwjCKpXWauyga5pmo86hvT8gMY5Ws4kUYJKM937qu2R7dxP94TZECMWLv0oWDpHsvZf8oW/hDt2BntjCmk/uxhkDUjL1hlGYW4C1F6K3PJfg9HOgM4v5+5cj+lD/wMNMr928bY0Wu3+m5tJrX7MjbK1af2Pou+ebpE8/65NlBmMyCpOhpMTkBfXmclSpRbs9z1CzTHfxEEvz84RhBWthYu0W4jih1RohTROWph/D0xVS47BpTNkrkRaW93zym3Tedxmu822KGBYHDHeQCsoQFhJGP3aQcGINydEDtN+9HtmSYCzCgDSAGSRVavjF1P/gq3u1EKfDT4Cln7Te/7k7kms+eMMLHnxg9yf373+cqNuBIgYrUEKDlXhhSBF38W2fTRvHaJQNLktpNloDzJaCxZkTrBxvIrI2i7P78IMG1kpUVtCsDiilkg6ET/jaP8UtgFeRtOol8KoIUUWgUGWI7r8DIQXxfbcPSIob1LSkryCUyAowB+XfuI6u5XU/0uXn7oi/9vXP+XXPuE86l9eFV8Ipg1ICJQukGnQNmMKAMzhlcfioAuIiww8Cuv2YSrlGqaLJc0u02GZsuIkUDmNyCjsQ6u0fv4V45y0kNzwX2RIYF9DJJBKHcDGi9AzGPvZ/mX3HU5H5DwcBSgzgTGAQcxC+5Vbk+Zd8oizFb/3CCgP8zmt2jNfC4DoneZWUEoEdBCJP4xxo63BKYKUmijIUKaVqBSUlTkKRFfSdh8WjYbqAAwlCOTxRIstzfM/wW9d9Z6D09c9FtMDg0y8GJyOin+Ff8WXyL12OrCgkJ2cqrIV5KL31VvQzL/lGKMR/e7Ls/6mplndf/eyLAx2+Syt7sac8hC/AWbIsQ3mSJDUU1tBqVLDiR8eull43HvR+BT5FluOsIY4705UAAAFbSURBVDc5SkvSNCfQCiklwvO45kNfJz28n/iGd+AO34SrQMTgLIzconwGZ2AFiA6o9S+j/Bsfxa1e+ydlKd7+b2X+pYzxfPRtL7xYafn6XGSXO1OQ9S1WGsJKQCkISNMM7Q16NqK4j8KnUalgMQP2iCNLM6xWeL7EGsiTnGqrSa8zzzs/9vVbHeGm7PFHV2Z3fZP8gb8hmXkYUYD0QI5sw3vqKymd/wL0hk172pbXDStx90+S9Zc6qPW/rrloWaBLL59f6lxarobPqVdDpJY458jjjDyJQWrifszKFSMUzmBy0Epg5WCmASTOCeN5/q1Cipva6eyX3vWRwaDWMeO2tQRXevBMnWdrXJFVhef3Cs8/lDt2zho+v8YTD/80GX+pCj95Xbtjh/a3FReg/LOllJvjTrLW03oi9INmmuWhw1ItEXtBsCjQk865/UbYRwT84G0fvuW/bBTv/wEF0Ji6DAgEpwAAAABJRU5ErkJggg==', 3, NULL, '2022-10-28 15:51:29', 1),
(4, NULL, '23452342', 'USER', 'ALMEIDA', 'CAVANZO', 453545, 'MARTINALMEIDA56@GMAIL.COM', '1234', NULL, 'NA', 'NA', 'image/png', 'iVBORw0KGgoAAAANSUhEUgAAADwAAAA8CAYAAAA6/NlyAAAABHNCSVQICAgIfAhkiAAAAF96VFh0UmF3IHByb2ZpbGUgdHlwZSBBUFAxAAAImeNKT81LLcpMVigoyk/LzEnlUgADYxMuE0sTS6NEAwMDCwMIMDQwMDYEkkZAtjlUKNEABZiYm6UBoblZspkpiM8FAE+6FWgbLdiMAAAgAElEQVRogbWbebydZXXvv8/wDns+e58hJycTZCCQhCQiIogYAWmdLjghFrWi9NZZqrX3Vq1FrdeJ2tZqay+Wem2r1irWoqKAxXKDgAgEw5QQMufk5MxnT+/8PM/9Y0dLW69Va5+/9rvfd+/PWu9az/r91nrWEvwXrWt37NDvurJxwYH9wdlLfbu5n9q1SDnhlcvNTpqF95+YJnUmXjc8sXh8dmoyzqP9hRKPCCV+cN0/3rvzv0ou8cv8s3/6tYuWrRnOX77s+ebSA1+pPee084bYt0ewEDkSk+NLSVAeop3G7Dp+DDyfih+glUcULRLlMUb79OLUKN+/tRSom/Ku+dJHvnnn4i9Lxl+Kwt995QsvFr58fSjF5Zu2TeHGV9C+f45wfD3HDyf0C0Ga5yiAoIIIA+45uAehSxTGEAArG5KN63rcd1Cx76ih8ATK15SEz5ozNn4+8/y/eP3vffzO/6ys6j/z40fef8XFr1q1+jNSqPcpweZG1VCs+yH37xynmyUI2UAnjiRNUQ4EDuEF6LDE/hPTBKUKyhnKSlJXbU49tYanPQ5PZRjp0wokl5wrODAVbLXOvO6Cp20650UXnHn4W3c9dPQXlfkXsvAj175mvLdr5rrmjtqrMClJ3+PwY0tce8d+Hph2UEvAczxnoso7ztpEqxxSGIPVPolTqFqZXQcOI8shWZ5TUQJczrO3LLJ8RcBtd+a40PKU7Rn33ncm86rAD0p084xAwPTC4mcWp/b+zvXfOdD+eWX/uS18369c+OvLn3fazcufecbT9n/tAUY3jlPWBZ+87QC1lsczNg1xwaZhLtm6hseOzVKEHsuNz1KckKQFi3M9hifGmem0MdpHKo2SAuFLdOaYiQuWTxgaE3Vuu2sFQ2Mj9KzB8wM8qcjTlKwbPfW8Td5r3/yClx363D/d8+jPI7/+eR7e/coX/WmSJ2+d/+ID1M/RnP66C8jm5unW6mysG7ZfspHRU0KUl5CmGaet28Sf3Xo7LwhHkconp0CaAmMthfLx/QpIh3YWJQ19B6tHSnzx5oyhsuOUiYSwWcN34ATkeU6RZ5x7uubwbGXZ0zef8mX3B9d8VLz3E7/7s+rwM7n0d3fsCKvLajce6fWfT2xYNlQmT1OkNSg0k7MdxjddQGv7BGa5pDrkMzt9lKh2Jh//q7/nLX6G0JbECua7CY1165i1grBWp/AE1jpM3kMCl2wLKUaHkTMHWFCn8cMTBSbuk+cJ3TSmaC9x7oYFDj7R4tc2r6bRPYgT8Vfku2+5/Jei8DdecGbTpKWbh6qtc6URKOWTO4PUBinBOUHcjdHhBhY3jqKXaZyXkEnF7t2PU1q9iaed2EdydJ7IWo4udhhet4F0eBmlRgsV+BjPo+SFuJKivmI1jWpIWmToQLF//z7mZ6ZJ4oQ4z+nNLzHqCcJyyDXjyxFf/xasHYZC/dMuNfy8s6+/Pv9p+vxUl7773HNL5Ur55kjZc7VSFDZHuRwnHUkBvlYU1pIZy1DoMDPT7M1Skn5KY6hgbavCyq2nIo8+hrEps/2UfrWJyHLKqoyotrC2oN5axsiqUxhavYK161agBUwdn+b7d9+N6RmqQhMqScsvIUuCVrVMa2SC+aefx7Dy4MavIheji88KH78ZuOQXtvC9l190s4d6niksgVcly3MK4YicweER6oLcWLrdPuec+nSOrRxjSR9nuDLOvJth2fhKpsKVzP3VX/LgEwc5KHz8apVaucTyU89g+cYthIFPqTWK1xohE4JemrFpy2lsmBgh8D2iTo8sScAYpJZkeUKRZ+gwoFqv0awPk83tJXpwP9mj8+hjj355+LqPvPzntvDDv3bJp2wunueUJXKG9lKXoOxjrUUJQSFSHBItBTUV8Pjhxzh/6xn8YPEItOfo6QJm9hH7PvuOLzK+cg0rg4BatUobS0rO7kcfInOWdj/CqzYIa3UqWrF8KKSxYRVxmhOlFlMoZuZ6WGnZ98RBytUy1XKZZ507yuR3duIlGXEjIbkgI5TrL5+84LYPr7j0knf9zBa+95KLrvIb7rNWBoAhyyBNDShFnlsyCoSAQHmAYCruMue6vPI5VzKlphFejRMmotz0mM6Ws+bwHEJmnIgiFuI+S8KxZ3Kauw88wVC1QRgElMIKjWaDdStGaI1NcOnr3sjIcIsTJ+YYHx9h8ugM5YpPP8lZvXoZ048+hEimqGcpOu4isxQtLBgFJxQ48TJx9atv/A8VvvuiF6xwMt5TalB1yqcwCdr5mAwSA4V0RLlh3mX0SopybYzhyhCjYYgfNMmLDvbUBj3R5c4fHmPbuU/n0NEF1IlZ7r3nTno2xQsqJFIhtUc5KGGkxNcKrTVnrSxRWbOZZevPotSa4M7bb2fd2lPYd+ggjeYQYbnEueeczbZNG3CT0+h9R2BuFkQBiYUU8APw5RSF2Ciuvqz7U126MOnHnLNVMoHUGYHyWOhHzKuAqFKjUqpSET4bwpDRWh0hPHSgSMOQ71k4ODnJXTfcShYt8ZIXXciI1+GEmUFdeBnnb9nEsYOHeOSuO2kffoL6xEpSJNZZYgoCYdFVwWPHDvLd275KyVqao2v55u7vQGUIjMMYy6b1p7Ln8BD9TpfRDWspb99ENQyROJLFJfx6HWvM8txk1wFv+P9a+PYLL/wVjLilLS0ysMSqhK40GBkaZUj5NAKPMCwjpEBojzjtE+c5h5ormR1ZSZ4fZix/jFZzAqULhAeF6TE5L4mXXYztHSH0NO3MsNjusXvnd5k/sh/PL6GloOULnrbcsW/BcixxIDyEk2xY2WSxBz2hMGjOXjvGRa9+Exs2nM7knidYmp7lhNPE/R6laAkTNOlmhvERTYw779JLn3/PT7Tw0XL93Y1Wi2VhiVG/jCwyEJJSWCGo+AilWIp6zLV7HDl+gGhoPemWs/DLDuUyMmOpNDz8wFCuhEgF/Silq1bgenOUvRBhE5qhTyMcY8Xlr+aGa38LUxN4ApohxJHk8XlLX2laocMgCNIYz0KUWppKEplR/u4vrmftxi1cOvN9hlc0qN4/y4372lyxTNLtLaMdWJZffQad8eq7gMt+pOOPufSeN/z2r64ql39vZVij4fmUyiG1ZhPlhURxzP7po9yz9xFuvf9evn3XzcizXkaw/RzC0KC1xbiUaq3BsXbAqmZCuVxGSsVCVCPS45T9DCkc1oLWPtJJPL+CV1/G/vt3oryAirJ0c5hJHf3MMVRfxtzSEsOBAykIyPCcoRqE3HrgKOeM1HlabxZ5uE21WkMealMtLCN+yvG+xXQTXG964zVvfcktn/7i7cf+lYWHAvUGvzGCEwqUZGp+hr2PPcLeo4c5tjCH0oqR+hB1v8pTz/gVtp77LGZkh1CHIFOUVSgV0Bw5lR/MBTyr1kU7R1evpOaHZGlMnjuk8nDOYaxB5CnrN23n5iOzlDY3mY8clbCghKbvLNMnJsFTTHdytExYU7W0E8fdj+/nlBRW3fQd9iWOSKQEwqMUSI73BIs9jwBQk13CLachHtnzBuCeH+/h+be/Z8XRmclj0/0eu/ft48j0cVwQ0mqOoqRACkEgHYWDXm+RS1/0O0yvnaCne2gN1iZ4fhWQFAa8QJGlM5zRWGRaPYV2dwqJwzof63JskWGdJihVEP4Y//CFT3PiwZ1sXllHSskdUwUaEFJiJaythjjhWBEarBD0pE8QKX6zOUpQKshm+ixOzmKXNbBYlJAkxuIHAq/iY0oKcebW2oXv//OeBvjY5z97xZS0jFbq1IMKp65Zj+cprBO0ux1iUbCY5mSmYPHgATau2cSiahOnXTxj8bwqQgDW4YoMJwPamWIyX4l1PbIoJgirKClwFrIiR2sPkxUoWbDlKedw/M4vc89UQGYVKIcTepBUAIkRLOY5+5YMSii6RYezWkOMJF12nuhRjRdYc/U1dL70eSp1Qer5RN2cXiQYHy3QF5xDf+KpV8Cf36AB6suXX7pCSXLjWEoz2r0+sXNEcRsrLQaHRWJtgWw1qNbqyN4svudhXJ/CSFSeg5AgHYIMaQU940O8iOeF+EEJgwPrKIUNljoLlII6gcoIgjKeg5oStIWhZxyhGHiWMY59Sx2EEJzZlHhS8FgfNvmW40kfn4zq6s1MWsH3M1iV15BWYhEMyQx/UdLbu8ja89ZfCtygf3P58rJz+Y7p2DHb6+GcIPA9ulmMj0XhsAPj0Y86nHnOZSwZg/MUzoLn+5QrQ4y2arS7XQqTkffbYAyCgjh1BL5CeJpaucZSu4eWBW7JYJxD4mg2KoQJ9EyBcBoPQDisA5yj7ksaYYAKNRMdy3mVFh0Kxpuao8ci6sMtFjPDNllhvFRBLSuz84klSkYi7TT5ylO5d++BSwD0eH30gn5ume50SJVDWOjFKRpB4gxlKRDIAWhnfZaNr2Rv0WfBCMJAsZTE1BoFx6c7QIbnS4wDY2LCYIi47+OEIM8K8qyHQ2GsITeSUAyie8UvUw7AeYrEONqZxXeWeqWKCDTOFMxnGcdnU7wMKv2CSAlOVIeQaUZ15UrKq5fzQHScw32LOhIRS8djRcLx9hSnnLKVy9/+0tJf//WHnq4fmT9xtnASTymEdXhCoYVECDBuIHxsDQpBtwtUSxy1KUZKjC1whcGYFFOUQBQoo8gKi5ASKSTSKozNKXJDkiSElQpWSpx1KOcwaYQNaiQV2NKy3HJCU5YCTyniKKLoO6QaXHtKc0qo2S4kOMGugwvkLsHseZTzXng5q7dewY2zP2QmjlitDKs8S8X28Lp93nTlFYyND58tq1JvqWiFw5FbS9/k9ExB31qsc2RYFAohFQGQ+x7C9NCeJc9CQk+QRilYA86SxClxmuP7Gj8IsSe5nHUGP/AockOv08O5nLyAxDqk1mzedgm7ptqMaIE1OSbLUQ5KgcfwUI2JVpPRcomFMOCoL8mcY2MQMuyXyG75OtVqiZvXalRgWSO6zOd9FvI2J+Ycrlrhznt3caQzu0VHrliLO2kNMVDc4XBWkEvAWHAW4QQG0KpKavoEeCcLAIrpE8cYX3Y60hOkqUIICIMAV0iwIAhJ0h6BXwdRMD93CJtbsCGVakCW5cjWBKKwdKShon3CIMQ5SEVGlqTEdoCiS8ZwWEI79NhNhshztr/hrTz8xONM/8kHqKxay3xqSGcSJNM0gNnJoxy763GCD5XX6kKqCeUEBeCcRTpHLiEQg4DhSYmUg6ClJEQ2p+YPkaQzGJuS25yNQY3dB3dRGxrD0wFaF1B4WGtBOYxTmDwlL3rkzmKtpDWyCuEsQaARAtJej571SHIwtiDL+3hKYrXDlQIKZyhyywFZsNfkFMZRSw3znuH+79zEi8MRLnrvH1HxNaXRYahUCBoVKqMNGqPLuPyKl1Aea05o6URLCpBCIpxFSYWPHcCLOxmelUBIiT/k0z0+ydC69djMIzE9nJDsyWKkTPClw/MG6OSAPMvAQZp20FiEyFlayKgPrSIoh4CgKBz9+SU+/ZUb2VaDbMhn9SlraNTr1CpVqiWPVrVKIwxoegGlIKQVhDT9kLXDK6jJAOlXwUooV6FRhfERGG3CUOXf5oMt8aKxcSME0kcipCCUEikscW4Zryu6haOTDfa3yVKy+UXe9PG/Z96HerNCnKQkWUEad8jTY9TqDTytSdOckZFRjk3OUtgIJSSddpuhzjFG1m3FW7GdPIXu/FGq+XFkqKh4PkIajFTkQmIFeBLyNAMhcM6iEBhjwTmcsZgsJ1AeoTUUvQTlFCVdxgtKSC8krFep4aOEhzpzzYK4DIwPUgHmZDahgQaQA0eADKgDa2qrGVpR4/yLX0X3zO0UFQnGwNQDdKYPc8LklJetpFRtUqQ5zdYQS+0OSZxQNV2GzCShV0UJeKjbYP+i5qKNFcq6IDUW4yxpEpPnlrjIyIzBCUthc9IsBa1BK5T0QAnK5RDrBShfI5SiKAqs1nhCIDyFLSy2KDA4JAJMvCBuev+1/cZIq1wdGaHcaOCXoFIfItCDenBpqEFoBdI6QEInASe445GIA7nDa++jHu3DIjEmR3jQ9SvsObLA5g0bWBYWLEWWUHQxSYfJ2UW+tesoj7YljYkxosYYFw2FnLumgg18nJIIP8AoQW4tic0RCDxfgZQUzqKEQmIonMVYh3QGz/eQTmGdpbCGvDB4YYhE4AQkeYpLk+PCFMlRqYKVT3Z0R4qjjSw6uKUOdnYJu9jHtmNcJ0EsxZgoZW+k+O7sHszsEVZOjFGvh9SGAkqhoNOTSJmRJhHGtpha6jNfdPjavXvJUoXnh4ihMqreZGx0ORdvHSLNc6RSCARWOBQOZy3G5iipkEqAEGitMHkOJyENQGmNkIIsNzgE2vMQSoMZUOOiMIikeFi95mnnvqJ52mkrjI2xaR+zNI9daOPmepj2Iq4XQWZR2kfpAKU8dFjC8wOWj9R4/NFJ/vDuw+ybz5icWWJs2KNSkmg9gJyjx2YgHGNOSnbuPsDUiSVKQY3MCDxp0apgITGcPqFxeRtshhIptkjB5bg8RmuB53lYW2BtgZIapTVK+wghkUojpEJID609AIo0x5h8cE+ogVcUPKie+cDxize/5aotQnhIHSLLdVR9CNGU6HDAsGQGopcj2jGinyIW+4h+D7THdX/3z+jhGl7o080zbt59hKaX0Sgb+m1FqxXiB5av3nEfD+45hqckSvp4XomhSkBFS/I0w3kBp6xo4nkeUil87SMYcPUwDJFC4vslfDWAMT8s43se2vPxPX9QBBx4PZ5SSK0ol8p4UoIr8I3B5dlt+sHhww9v+4cvMHz6GQgrBpCSJ7ioTTG/CFGGyByuHaHrVfK4j0SQuZTAZISjJYRVSGHRGla1yvzlziO8Cc0ZK0NKYY2pqaM8e32Dx4/OYZ3ASSiFHvV6iVIAsg8HDvc4+8wxlNIoAVJ4IARSAtZSCIl2kJuUsufjCUeRR+CgHIbgBoHJOoPWPpmziDwB47DGYkyGLPoP61Mve8l9dz9+H/5jD6B1BYsAoUAqhIYgLON5Pqqs8IQh0wKbpfhBgCtSxtaN88TeKZp1DyV80lQzWkr51D/v4fy100RRTNzP2DvTx0qPZqOBFI5Or0M5sISjVbQPc/vmqXqbUHmK0gpPgTuZTjpXAPDSV7z7x3HG9OZRKApn0LXhH39/4+feh6xo8iRFSUGepIAkSWOEkPdpG1V3eiOVgWWFQCsPz9NIKfCD0oAHmwJjLCZJTgaKElarAU6WPZAZtUYVJQSum+KFimoq+dubd/POt1xCpewxe9vD3LfrOP7GMmUcWW5YUo60SJAqQGsH/Q5Ih7OKNI7xPB9rCy6/6v2AoXj8ftK7v4Z95IPYRXA5CA2iAWrr7xOcdxkvfc21gOBvrv99ipM+XqQZcRrFb3nnJ78vAL70mev/2fPEDmcHybvWEqUUUkgQFlMk5GmCpweWV0qSpBGer7h950Pc/cAJTj99FKUdM7NLTM3NMT+T8ppXbGXTumVYa1DKZzEy/PChQ9z07Ucol33KQQkdakzh8ZRtq3jOM1aBkORZhnAGPyxz+VUfID/0KMnfvh5z/E5EGZAlEB5kHdBVsBEYi+uCWrWD0mv/N3rNRj7zyf8JAoo0JY57N/32e2+4TAII2b9JiQhYxLkuiAipUgxdCtPFklOqalQIVqRoXxCUfYSWnHH6Khan28zPLTI1OcfC3AImTonyBIQkKSxKlYniHpVyQKUUUOQWXyiyLCPuRew53Gbr6SMI68iSDN8vU640ufyqD5B97yb6H92M7d2JaIyAHgYRQtxBXPoPmKgHogy6ihgqY5fuoPfe00nv/Cb//a0fRUp50kjBTQyYBJD1v1SYBOl5CCUBh8nzwU3hcBack4CkVCoPcE9pPM9nYnwEYQvm5hdot9t0e13SPKPp+5y1dQND9SZSacrlBloKHn7kKJWSJjUZhc3oxTnPftoYw62QXhoR9TssLc3y4le/h+yum4i+eBmiOQpyjB+fG7hFaO6gtONSlsKzsbb3LyRClmFEEl3/QtLv3czVb/owSdxj8djslzjJJPnyN2/vvuLSS7bjxOlFYTC2wBqHMzkINQBtMUgb4zgiiWPSPCNOYhSO3OY8cWiKPE9IshxrDLO9hAvPXkWn16aztIgxlmNHpvmbrz1IoxaitMbi6HYFV71iO9IJtA4QFn7j7X9Kfvgxok9fgBgaG2QjT6JFpDH62R/EO20bWaToPHoTpcBH4Ab3UYhSQX7HF9BnX8n5L7zq2xe+8OWf/RcLA3lW/EWRD4KTQ1JgyUyONQXW5qRpSruzSJZnJFlMnvbJoog47fOM8zZyYP8ixtoBM3KCTmzopylJnOL5IdYY5hf71GoBCIGxBd1ewfOfs46RZpUgCNFKE9ZqgCX52zciGgqiGYinIZ8BMwsUuAT09gtw1lE7+0JMBAuJwZkI8hiiBPogWhDf8FbAbf2xA/zowxVvfM8tcbx4R5p0sFlEEffJspg47lOk0YCYZ2CSHCk0QvoIqXBO0Rqq8JY3Xky/N0gvtVLkPYNVUK2VCEOPdi/my/+4i3qokNJhC8HqiWHO2bYK5wRFnmCKlCuv/gPyxx/ETN0BmUG++GsEv74T/fRPIBqX4ubaiKGzkONrcNYQrjgFWVtDcSKmXX0R+oJPEL7+TuzLv4JJwRy4lXzfQxOTqTsL/k22qLT3oSLPdnQ6EfXmEFHUwfc11oHnoHDFAH+dRQqPUhhiXE6cppy17RQ+94XvoUsKWxSMj3rsvHMfFz9rLb5S3HXfAUQgccLhnGV60fKON5+FkgZzsprhTsqR3nPTIBqrBsVXX4R67zTB9mcCb8NlKS7qniwpOZxzrPzQfahKDekHOCCePk77j56JrkGlBuld36C5fuuVwANP3hy86s0fvDXN8i8EpXBQixYS4QaVEOMsnu/hioHbDyigJM9z4qhDHHc5c/MohbEoJanVNF/4ykOkmSGKI+7ZNUulVkIpSZYV1MtlMDn9KCFJIqwR5AN+gX34Y4PI6zxkAMlHzqbodXGFAaEQ1SGw9uTDFlUbAqlwxpB32sy9ewW6BkIERA6KXZ/BFzzzX7n0j5bN+B9RnvQEGil8pApQXhmEQmmNDkKkUuTG/Lg6aa1FScEF521isV2gPIEo4BUvPhVkRpL22H56DZsbEBAEPr/5qvXkSZs8jmgvzjC3MMn8iaOkSzO4pXgAPTgQLZQ7SvTHV2KtORm33L8W+uS1KXKmP3g52gMhAwQOKTXxiUOoLF7z71wa4I2/98eTf/bha94aR8lnnVDEeTEo4pmCQlisMAM+3I/wAk2WRDgyXGFZ1hC88lc38INdBzl7x2mMNQ1T+58giyI2rmxgU4Mul1iz3Kdz/DG6TlAYBi9TOfI8HeSvBsSTlVJDqOPfIL31C5RecBUU/74zSSjN4tf+Ejl1G6IRIBiAmBAOUQBFUf6JCgO8+V2f+D8fe/drzk7i4s0eEb7WZGmCchFF1iclwNOSQIP0PWxuiKIuuQ1pDS9jeLhKY8inSBeJFmaRnodXEqxb06KfFoyOLSNpx2S9LoJB0u4clCtVjDODcyr3I4gBiiXE6pdQeu4roSh+ksi4omD40tcyu+sbuPlvIpSPEBbhHNIDtN+H/6Bt6f1Xn39znovnaV9grEMrhR8GmCwl0AonB/soilM6UUTQWI7n11GBT6ksSNpTLEwfxhiHXx1j4+btZE4TxRl5bx6KPuVShSxL8YKAUljlDe/6K9q/PQZyHkQNbBvEGZTf/wPww395CU/2APEjNQQujZh75zqEmEVIjXQFQmyk9ak9d2shnvHv9vCT11LHvFSp7B7fF5RDn0qlDMailcS6BGtjlvpz9IscHfpIqVCeplzSWCMJw4DVp6xjwxlPYfWq1SRpiikyFAaExhUp8zPH6HUXmZ2aZHryEABqy9sgt2B7kEL5PTuR5QpSK0yekS7NI+TJ4x8pSRfnMHmG1ApVqTH8wYcRMUhXQAH+U19L5tj5H1oY4PN//rvNuWMHb846s+f2c5DWUa34qHKVsFSjUq0TJX1sUZBksNRJEZ4kLHuQzTA7eRjPCwjCKpXWauyga5pmo86hvT8gMY5Ws4kUYJKM937qu2R7dxP94TZECMWLv0oWDpHsvZf8oW/hDt2BntjCmk/uxhkDUjL1hlGYW4C1F6K3PJfg9HOgM4v5+5cj+lD/wMNMr928bY0Wu3+m5tJrX7MjbK1af2Pou+ebpE8/65NlBmMyCpOhpMTkBfXmclSpRbs9z1CzTHfxEEvz84RhBWthYu0W4jih1RohTROWph/D0xVS47BpTNkrkRaW93zym3Tedxmu822KGBYHDHeQCsoQFhJGP3aQcGINydEDtN+9HtmSYCzCgDSAGSRVavjF1P/gq3u1EKfDT4Cln7Te/7k7kms+eMMLHnxg9yf373+cqNuBIgYrUEKDlXhhSBF38W2fTRvHaJQNLktpNloDzJaCxZkTrBxvIrI2i7P78IMG1kpUVtCsDiilkg6ET/jaP8UtgFeRtOol8KoIUUWgUGWI7r8DIQXxfbcPSIob1LSkryCUyAowB+XfuI6u5XU/0uXn7oi/9vXP+XXPuE86l9eFV8Ipg1ICJQukGnQNmMKAMzhlcfioAuIiww8Cuv2YSrlGqaLJc0u02GZsuIkUDmNyCjsQ6u0fv4V45y0kNzwX2RIYF9DJJBKHcDGi9AzGPvZ/mX3HU5H5DwcBSgzgTGAQcxC+5Vbk+Zd8oizFb/3CCgP8zmt2jNfC4DoneZWUEoEdBCJP4xxo63BKYKUmijIUKaVqBSUlTkKRFfSdh8WjYbqAAwlCOTxRIstzfM/wW9d9Z6D09c9FtMDg0y8GJyOin+Ff8WXyL12OrCgkJ2cqrIV5KL31VvQzL/lGKMR/e7Ls/6mplndf/eyLAx2+Syt7sac8hC/AWbIsQ3mSJDUU1tBqVLDiR8eull43HvR+BT5FluOsIY4705UAAAFbSURBVDc5SkvSNCfQCiklwvO45kNfJz28n/iGd+AO34SrQMTgLIzconwGZ2AFiA6o9S+j/Bsfxa1e+ydlKd7+b2X+pYzxfPRtL7xYafn6XGSXO1OQ9S1WGsJKQCkISNMM7Q16NqK4j8KnUalgMQP2iCNLM6xWeL7EGsiTnGqrSa8zzzs/9vVbHeGm7PFHV2Z3fZP8gb8hmXkYUYD0QI5sw3vqKymd/wL0hk172pbXDStx90+S9Zc6qPW/rrloWaBLL59f6lxarobPqVdDpJY458jjjDyJQWrifszKFSMUzmBy0Epg5WCmASTOCeN5/q1Cipva6eyX3vWRwaDWMeO2tQRXevBMnWdrXJFVhef3Cs8/lDt2zho+v8YTD/80GX+pCj95Xbtjh/a3FReg/LOllJvjTrLW03oi9INmmuWhw1ItEXtBsCjQk865/UbYRwT84G0fvuW/bBTv/wEF0Ji6DAgEpwAAAABJRU5ErkJggg==', 3, NULL, '2022-10-28 18:26:24', 1);

-- --------------------------------------------------------

--
-- Estructura de tabla para la tabla `vehiculos`
--

CREATE TABLE `vehiculos` (
  `id` bigint(20) NOT NULL,
  `placa` varchar(10) COLLATE utf8mb4_spanish_ci NOT NULL,
  `nombresConductor` varchar(50) COLLATE utf8mb4_spanish_ci NOT NULL,
  `Apaterno` varchar(30) COLLATE utf8mb4_spanish_ci NOT NULL,
  `Amaterno` varchar(30) COLLATE utf8mb4_spanish_ci NOT NULL,
  `telefono` bigint(20) NOT NULL,
  `email` varchar(100) COLLATE utf8mb4_spanish_ci NOT NULL,
  `status` int(11) NOT NULL DEFAULT 1
) ENGINE=InnoDB DEFAULT CHARSET=utf8mb4 COLLATE=utf8mb4_spanish_ci;

--
-- Volcado de datos para la tabla `vehiculos`
--

INSERT INTO `vehiculos` (`id`, `placa`, `nombresConductor`, `Apaterno`, `Amaterno`, `telefono`, `email`, `status`) VALUES
(1, '123-DSN', 'MARTIN', 'ASPRIELLA', 'NATALAN', 23424, 'MARTINALMEIDA56@GMAIL.COM', 1);

--
-- Índices para tablas volcadas
--

--
-- Indices de la tabla `contratos`
--
ALTER TABLE `contratos`
  ADD PRIMARY KEY (`id`);

--
-- Indices de la tabla `empresas`
--
ALTER TABLE `empresas`
  ADD PRIMARY KEY (`nit`);

--
-- Indices de la tabla `materiales`
--
ALTER TABLE `materiales`
  ADD PRIMARY KEY (`id`);

--
-- Indices de la tabla `materiales_contratos`
--
ALTER TABLE `materiales_contratos`
  ADD PRIMARY KEY (`id`),
  ADD KEY `idMaterial` (`idMaterial`),
  ADD KEY `idContrato` (`idContrato`);

--
-- Indices de la tabla `modulo`
--
ALTER TABLE `modulo`
  ADD PRIMARY KEY (`id`);

--
-- Indices de la tabla `permisos`
--
ALTER TABLE `permisos`
  ADD PRIMARY KEY (`id`),
  ADD KEY `permisos_ibfk_1` (`rolid`),
  ADD KEY `permisos_ibfk_2` (`moduloid`);

--
-- Indices de la tabla `rol`
--
ALTER TABLE `rol`
  ADD PRIMARY KEY (`id`);

--
-- Indices de la tabla `rutas`
--
ALTER TABLE `rutas`
  ADD PRIMARY KEY (`id`);

--
-- Indices de la tabla `status`
--
ALTER TABLE `status`
  ADD PRIMARY KEY (`id`);

--
-- Indices de la tabla `sucursal`
--
ALTER TABLE `sucursal`
  ADD PRIMARY KEY (`id`);

--
-- Indices de la tabla `usuarios`
--
ALTER TABLE `usuarios`
  ADD PRIMARY KEY (`id`),
  ADD KEY `persona_ibfk_1` (`rolid`),
  ADD KEY `nit` (`nit`),
  ADD KEY `sucursalid` (`sucursalid`);

--
-- Indices de la tabla `vehiculos`
--
ALTER TABLE `vehiculos`
  ADD PRIMARY KEY (`id`);

--
-- AUTO_INCREMENT de las tablas volcadas
--

--
-- AUTO_INCREMENT de la tabla `contratos`
--
ALTER TABLE `contratos`
  MODIFY `id` bigint(20) NOT NULL AUTO_INCREMENT;

--
-- AUTO_INCREMENT de la tabla `materiales`
--
ALTER TABLE `materiales`
  MODIFY `id` bigint(20) NOT NULL AUTO_INCREMENT, AUTO_INCREMENT=2;

--
-- AUTO_INCREMENT de la tabla `materiales_contratos`
--
ALTER TABLE `materiales_contratos`
  MODIFY `id` bigint(20) NOT NULL AUTO_INCREMENT;

--
-- AUTO_INCREMENT de la tabla `modulo`
--
ALTER TABLE `modulo`
  MODIFY `id` bigint(20) NOT NULL AUTO_INCREMENT, AUTO_INCREMENT=18;

--
-- AUTO_INCREMENT de la tabla `permisos`
--
ALTER TABLE `permisos`
  MODIFY `id` bigint(20) NOT NULL AUTO_INCREMENT, AUTO_INCREMENT=52;

--
-- AUTO_INCREMENT de la tabla `rol`
--
ALTER TABLE `rol`
  MODIFY `id` bigint(20) NOT NULL AUTO_INCREMENT, AUTO_INCREMENT=4;

--
-- AUTO_INCREMENT de la tabla `rutas`
--
ALTER TABLE `rutas`
  MODIFY `id` bigint(20) NOT NULL AUTO_INCREMENT;

--
-- AUTO_INCREMENT de la tabla `status`
--
ALTER TABLE `status`
  MODIFY `id` bigint(11) NOT NULL AUTO_INCREMENT, AUTO_INCREMENT=5;

--
-- AUTO_INCREMENT de la tabla `sucursal`
--
ALTER TABLE `sucursal`
  MODIFY `id` bigint(20) NOT NULL AUTO_INCREMENT, AUTO_INCREMENT=2;

--
-- AUTO_INCREMENT de la tabla `usuarios`
--
ALTER TABLE `usuarios`
  MODIFY `id` bigint(20) NOT NULL AUTO_INCREMENT, AUTO_INCREMENT=5;

--
-- AUTO_INCREMENT de la tabla `vehiculos`
--
ALTER TABLE `vehiculos`
  MODIFY `id` bigint(20) NOT NULL AUTO_INCREMENT, AUTO_INCREMENT=2;

--
-- Restricciones para tablas volcadas
--

--
-- Filtros para la tabla `materiales_contratos`
--
ALTER TABLE `materiales_contratos`
  ADD CONSTRAINT `materiales_contratos_ibfk_2` FOREIGN KEY (`idContrato`) REFERENCES `contratos` (`id`) ON DELETE NO ACTION ON UPDATE CASCADE,
  ADD CONSTRAINT `materiales_contratos_ibfk_3` FOREIGN KEY (`idMaterial`) REFERENCES `materiales` (`id`) ON DELETE NO ACTION ON UPDATE CASCADE;

--
-- Filtros para la tabla `permisos`
--
ALTER TABLE `permisos`
  ADD CONSTRAINT `permisos_ibfk_1` FOREIGN KEY (`rolid`) REFERENCES `rol` (`id`),
  ADD CONSTRAINT `permisos_ibfk_2` FOREIGN KEY (`moduloid`) REFERENCES `modulo` (`id`);

--
-- Filtros para la tabla `usuarios`
--
ALTER TABLE `usuarios`
  ADD CONSTRAINT `usuarios_ibfk_1` FOREIGN KEY (`rolid`) REFERENCES `rol` (`id`),
  ADD CONSTRAINT `usuarios_ibfk_3` FOREIGN KEY (`sucursalid`) REFERENCES `sucursal` (`id`) ON DELETE SET NULL ON UPDATE CASCADE,
  ADD CONSTRAINT `usuarios_ibfk_4` FOREIGN KEY (`nit`) REFERENCES `empresas` (`nit`) ON DELETE SET NULL ON UPDATE CASCADE;
COMMIT;

/*!40101 SET CHARACTER_SET_CLIENT=@OLD_CHARACTER_SET_CLIENT */;
/*!40101 SET CHARACTER_SET_RESULTS=@OLD_CHARACTER_SET_RESULTS */;
/*!40101 SET COLLATION_CONNECTION=@OLD_COLLATION_CONNECTION */;
